customer_id,product_id,product_category,price,quantity,rating,review_count,purchase_date
1102,10004,Electronics,178.1,1,1.9,3715,2024-01-01 00:00:00.000000000
1435,10032,Beauty,388.45,4,2.4,1301,2024-01-01 17:32:15.135135135
1860,10064,Home,332.38,2,2.5,2155,2024-01-02 11:04:30.270270270
1270,10017,Beauty,96.67,2,1.3,692,2024-01-03 04:36:45.405405405
1106,10095,Electronics,91.18,3,2.5,4350,2024-01-03 22:09:00.540540540
1071,10048,Beauty,53.71,4,2.9,1478,2024-01-04 15:41:15.675675675
1700,10010,Clothing,331.85,1,3.9,256,2024-01-05 09:13:30.810810810
1020,10084,Books,383.36,2,3.6,2430,2024-01-06 02:45:45.945945945
1614,10025,Home,136.2,4,3.8,441,2024-01-06 20:18:01.081081081
1121,10062,Sports,15.37,2,1.0,1881,2024-01-07 13:50:16.216216216
1466,10088,Books,45.67,4,1.9,2646,2024-01-08 07:22:31.351351351
1214,10085,Beauty,484.09,4,3.6,3820,2024-01-09 00:54:46.486486486
1330,10058,Home,151.25,3,2.9,4677,2024-01-09 18:27:01.621621621
1458,10026,Beauty,385.77,2,1.0,1735,2024-01-10 11:59:16.756756756
1087,10048,Clothing,314.21,1,4.2,3735,2024-01-11 05:31:31.891891891
1372,10076,Electronics,194.06,3,4.1,2645,2024-01-11 23:03:47.027027027
1099,10032,Home,106.82,3,3.2,18,2024-01-12 16:36:02.162162162
1871,10097,Clothing,65.09,1,1.3,1124,2024-01-13 10:08:17.297297297
1663,10098,Clothing,309.43,3,4.1,3985,2024-01-14 03:40:32.432432432
1130,10000,Home,388.44,4,3.3,2654,2024-01-14 21:12:47.567567567
1661,10020,Beauty,323.73,4,4.1,2080,2024-01-15 14:45:02.702702702
1308,10054,Sports,267.5,2,4.0,1547,2024-01-16 08:17:17.837837837
1769,10005,Clothing,25.77,2,4.2,861,2024-01-17 01:49:32.972972973
1343,10091,Books,484.4,1,3.1,154,2024-01-17 19:21:48.108108108
1491,10080,Clothing,400.36,2,1.6,3494,2024-01-18 12:54:03.243243243
1413,10068,Sports,149.95,4,3.7,904,2024-01-19 06:26:18.378378378
1805,10094,Beauty,490.09,1,3.5,1269,2024-01-19 23:58:33.513513513
1385,10004,Beauty,302.93,1,4.0,404,2024-01-20 17:30:48.648648648
1191,10002,Books,293.3,2,1.7,843,2024-01-21 11:03:03.783783783
1955,10052,Clothing,375.3,4,1.8,1782,2024-01-22 04:35:18.918918918
1276,10022,Beauty,406.83,1,4.6,1564,2024-01-22 22:07:34.054054054
1160,10052,Sports,329.96,4,4.0,1184,2024-01-23 15:39:49.189189189
1459,10036,Home,68.41,4,4.6,746,2024-01-24 09:12:04.324324324
1313,10073,Electronics,172.44,4,4.0,1725,2024-01-25 02:44:19.459459459
1021,10073,Electronics,464.4,2,3.4,3188,2024-01-25 20:16:34.594594594
1252,10082,Electronics,116.18,3,3.6,270,2024-01-26 13:48:49.729729729
1747,10016,Clothing,189.22,3,4.6,4865,2024-01-27 07:21:04.864864865
1856,10084,Books,218.88,1,3.3,3956,2024-01-28 00:53:20.000000000
1560,10077,Beauty,222.51,4,3.5,171,2024-01-28 18:25:35.135135135
1474,10072,Home,308.41,2,1.6,273,2024-01-29 11:57:50.270270270
1058,10000,Sports,471.82,4,2.9,2306,2024-01-30 05:30:05.405405405
1510,10050,Home,124.14,4,3.9,1158,2024-01-30 23:02:20.540540540
1681,10044,Sports,65.14,2,2.1,1706,2024-01-31 16:34:35.675675675
1475,10076,Clothing,102.75,3,1.8,1771,2024-02-01 10:06:50.810810810
1699,10003,Electronics,444.03,4,2.3,421,2024-02-02 03:39:05.945945946
1975,10061,Clothing,324.68,4,2.0,1209,2024-02-02 21:11:21.081081081
1782,10064,Books,146.52,3,1.9,4675,2024-02-03 14:43:36.216216216
1189,10031,Books,408.89,2,2.7,890,2024-02-04 08:15:51.351351351
1957,10033,Sports,431.38,1,4.6,4817,2024-02-05 01:48:06.486486486
1686,10091,Beauty,424.02,3,3.0,3267,2024-02-05 19:20:21.621621621
1957,10094,Beauty,459.87,1,1.8,4976,2024-02-06 12:52:36.756756756
1562,10071,Sports,129.86,1,1.3,1473,2024-02-07 06:24:51.891891892
1875,10038,Books,378.75,3,3.8,3243,2024-02-07 23:57:07.027027027
1566,10025,Books,232.97,4,2.5,4478,2024-02-08 17:29:22.162162162
1243,10033,Books,421.79,1,4.3,2181,2024-02-09 11:01:37.297297297
1831,10053,Clothing,365.6,1,3.6,1449,2024-02-10 04:33:52.432432432
1504,10002,Books,389.34,2,4.2,3096,2024-02-10 22:06:07.567567567
1130,10049,Home,329.8,4,2.1,3256,2024-02-11 15:38:22.702702702
1484,10011,Electronics,92.83,1,3.8,3156,2024-02-12 09:10:37.837837837
1818,10064,Books,274.79,2,2.1,1590,2024-02-13 02:42:52.972972973
1646,10053,Sports,492.41,4,4.8,4239,2024-02-13 20:15:08.108108108
1020,10004,Electronics,469.01,3,3.5,3981,2024-02-14 13:47:23.243243243
1840,10093,Clothing,26.37,3,2.3,1435,2024-02-15 07:19:38.378378378
1166,10093,Sports,86.58,2,2.1,223,2024-02-16 00:51:53.513513513
1273,10056,Electronics,70.21,3,1.8,219,2024-02-16 18:24:08.648648648
1387,10016,Sports,364.36,1,3.8,4274,2024-02-17 11:56:23.783783783
1600,10046,Clothing,409.8,4,1.9,1654,2024-02-18 05:28:38.918918919
1315,10022,Home,110.69,1,3.4,4528,2024-02-18 23:00:54.054054054
1013,10078,Clothing,255.4,1,2.1,264,2024-02-19 16:33:09.189189189
1241,10084,Clothing,421.15,3,3.6,953,2024-02-20 10:05:24.324324324
1776,10013,Sports,367.74,1,4.3,4524,2024-02-21 03:37:39.459459459
1345,10065,Beauty,273.41,3,4.1,3733,2024-02-21 21:09:54.594594594
1564,10074,Books,297.22,4,4.0,2774,2024-02-22 14:42:09.729729730
1897,10050,Books,256.64,4,1.8,3124,2024-02-23 08:14:24.864864865
1339,10037,Home,152.29,1,1.4,479,2024-02-24 01:46:40.000000000
1091,10063,Home,284.69,2,3.8,3514,2024-02-24 19:18:55.135135135
1366,10097,Books,346.0,3,2.5,1353,2024-02-25 12:51:10.270270270
1955,10037,Beauty,437.29,3,2.7,3322,2024-02-26 06:23:25.405405405
1454,10049,Books,319.96,1,1.1,3878,2024-02-26 23:55:40.540540540
1427,10097,Beauty,381.76,3,2.0,889,2024-02-27 17:27:55.675675675
1508,10081,Home,84.24,3,1.1,3854,2024-02-28 11:00:10.810810811
1775,10029,Electronics,233.47,2,4.5,924,2024-02-29 04:32:25.945945946
1942,10078,Sports,9.62,2,2.0,2170,2024-02-29 22:04:41.081081081
1034,10090,Home,127.11,1,3.2,1902,2024-03-01 15:36:56.216216216
1205,10050,Home,364.6,2,1.2,4873,2024-03-02 09:09:11.351351351
1080,10062,Clothing,495.95,1,3.7,2395,2024-03-03 02:41:26.486486486
1931,10097,Clothing,54.09,4,2.3,28,2024-03-03 20:13:41.621621621
1561,10051,Clothing,203.74,1,4.6,34,2024-03-04 13:45:56.756756757
1871,10037,Sports,401.04,4,4.6,3589,2024-03-05 07:18:11.891891892
1387,10096,Clothing,106.0,1,2.3,2670,2024-03-06 00:50:27.027027027
1001,10087,Beauty,279.77,3,4.6,3365,2024-03-06 18:22:42.162162162
1389,10078,Books,367.87,2,5.0,588,2024-03-07 11:54:57.297297297
1565,10029,Electronics,309.91,4,4.3,3218,2024-03-08 05:27:12.432432432
1105,10050,Home,98.07,1,4.4,3138,2024-03-08 22:59:27.567567567
1771,10080,Beauty,180.92,2,2.0,903,2024-03-09 16:31:42.702702702
1821,10004,Electronics,392.98,1,3.3,4086,2024-03-10 10:03:57.837837838
1476,10028,Beauty,279.34,2,1.3,2169,2024-03-11 03:36:12.972972973
1702,10003,Beauty,7.59,2,1.4,339,2024-03-11 21:08:28.108108108
1401,10009,Home,381.69,1,5.0,4270,2024-03-12 14:40:43.243243243
1729,10055,Books,22.48,4,2.3,1714,2024-03-13 08:12:58.378378378
1555,10016,Clothing,374.14,4,4.0,4692,2024-03-14 01:45:13.513513513
1161,10073,Sports,105.23,3,4.2,4546,2024-03-14 19:17:28.648648648
1201,10016,Books,479.25,2,4.4,556,2024-03-15 12:49:43.783783784
1957,10083,Sports,187.13,3,5.0,3087,2024-03-16 06:21:58.918918919
1995,10087,Home,166.83,3,2.0,3266,2024-03-16 23:54:14.054054054
1269,10068,Home,78.7,1,1.2,3567,2024-03-17 17:26:29.189189189
1862,10033,Home,156.27,1,2.6,2056,2024-03-18 10:58:44.324324324
1815,10005,Electronics,438.94,1,1.5,3899,2024-03-19 04:30:59.459459459
1270,10052,Sports,498.19,2,1.1,1016,2024-03-19 22:03:14.594594594
1455,10065,Books,187.31,1,2.4,2062,2024-03-20 15:35:29.729729729
1461,10076,Books,227.06,1,4.1,838,2024-03-21 09:07:44.864864865
1726,10042,Beauty,362.43,2,3.3,1637,2024-03-22 02:40:00.000000000
1251,10074,Beauty,443.67,2,2.3,4321,2024-03-22 20:12:15.135135135
1701,10022,Beauty,298.56,4,3.6,3496,2024-03-23 13:44:30.270270270
1295,10054,Home,198.81,1,1.9,1813,2024-03-24 07:16:45.405405405
1724,10079,Books,209.25,1,1.1,3479,2024-03-25 00:49:00.540540540
1719,10094,Sports,349.33,1,4.1,1451,2024-03-25 18:21:15.675675675
1748,10074,Home,6.59,4,3.5,2313,2024-03-26 11:53:30.810810811
1337,10015,Electronics,311.7,1,4.0,1514,2024-03-27 05:25:45.945945946
1878,10007,Beauty,180.97,4,1.2,1231,2024-03-27 22:58:01.081081081
1052,10003,Home,398.13,3,4.3,1645,2024-03-28 16:30:16.216216216
1791,10003,Home,51.03,4,3.5,2999,2024-03-29 10:02:31.351351351
1921,10055,Electronics,296.16,3,3.3,3440,2024-03-30 03:34:46.486486486
1216,10024,Clothing,243.08,1,3.5,4056,2024-03-30 21:07:01.621621621
1763,10066,Books,322.95,3,4.5,305,2024-03-31 14:39:16.756756756
1187,10095,Sports,37.1,4,3.3,3536,2024-04-01 08:11:31.891891892
1379,10066,Clothing,292.09,2,3.3,1723,2024-04-02 01:43:47.027027027
1492,10026,Beauty,282.93,3,5.0,1689,2024-04-02 19:16:02.162162162
1040,10092,Home,282.53,3,4.0,1517,2024-04-03 12:48:17.297297297
1156,10031,Electronics,303.73,1,2.8,3917,2024-04-04 06:20:32.432432432
1014,10049,Electronics,339.85,4,3.8,419,2024-04-04 23:52:47.567567567
1812,10060,Books,403.47,3,2.6,2936,2024-04-05 17:25:02.702702702
1064,10050,Clothing,138.56,3,1.9,3862,2024-04-06 10:57:17.837837838
1856,10018,Books,413.4,3,3.4,4229,2024-04-07 04:29:32.972972973
1838,10020,Home,251.64,3,4.7,1450,2024-04-07 22:01:48.108108108
1520,10004,Books,43.14,2,4.7,3096,2024-04-08 15:34:03.243243243
1343,10081,Sports,33.98,4,2.4,3261,2024-04-09 09:06:18.378378378
1128,10091,Electronics,170.45,1,3.1,1164,2024-04-10 02:38:33.513513513
1647,10041,Electronics,393.52,1,1.8,1869,2024-04-10 20:10:48.648648648
1471,10060,Beauty,355.3,2,5.0,1819,2024-04-11 13:43:03.783783783
1062,10021,Beauty,395.36,4,4.9,2705,2024-04-12 07:15:18.918918919
1138,10020,Home,261.05,3,3.6,3515,2024-04-13 00:47:34.054054054
1498,10069,Sports,222.9,2,4.2,1342,2024-04-13 18:19:49.189189189
1592,10000,Clothing,77.99,4,3.9,2226,2024-04-14 11:52:04.324324324
1391,10004,Books,167.46,3,3.4,1079,2024-04-15 05:24:19.459459460
1674,10011,Home,219.84,2,1.2,4206,2024-04-15 22:56:34.594594594
1418,10089,Beauty,48.86,4,2.8,4563,2024-04-16 16:28:49.729729730
1288,10045,Books,114.2,1,3.7,2779,2024-04-17 10:01:04.864864864
1378,10033,Beauty,301.12,1,3.7,2528,2024-04-18 03:33:20.000000000
1772,10048,Books,369.15,4,2.5,813,2024-04-18 21:05:35.135135134
1489,10077,Clothing,499.18,1,4.8,2031,2024-04-19 14:37:50.270270270
1230,10089,Home,466.89,4,1.7,322,2024-04-20 08:10:05.405405406
1040,10044,Books,323.07,3,3.0,2969,2024-04-21 01:42:20.540540540
1027,10026,Sports,213.52,4,3.8,903,2024-04-21 19:14:35.675675676
1134,10072,Electronics,319.91,3,3.8,1541,2024-04-22 12:46:50.810810810
1200,10025,Sports,393.9,2,3.6,3503,2024-04-23 06:19:05.945945946
1839,10046,Sports,63.58,4,2.1,2653,2024-04-23 23:51:21.081081080
1779,10085,Electronics,207.9,2,1.6,2476,2024-04-24 17:23:36.216216216
1929,10055,Sports,420.7,1,3.5,3340,2024-04-25 10:55:51.351351350
1032,10093,Books,195.0,3,3.4,4243,2024-04-26 04:28:06.486486486
1047,10062,Books,288.08,4,1.7,1141,2024-04-26 22:00:21.621621622
1502,10047,Books,295.95,2,3.8,849,2024-04-27 15:32:36.756756756
1406,10060,Electronics,96.32,3,2.8,366,2024-04-28 09:04:51.891891892
1573,10080,Sports,184.31,3,3.7,2897,2024-04-29 02:37:07.027027026
1727,10025,Electronics,170.58,1,4.3,1089,2024-04-29 20:09:22.162162162
1804,10035,Books,17.97,1,1.7,4041,2024-04-30 13:41:37.297297296
1098,10000,Sports,16.97,3,1.1,2038,2024-05-01 07:13:52.432432432
1683,10007,Sports,416.69,3,4.1,2860,2024-05-02 00:46:07.567567568
1871,10098,Beauty,140.17,4,3.4,4270,2024-05-02 18:18:22.702702702
1725,10051,Beauty,261.45,3,3.8,1854,2024-05-03 11:50:37.837837838
1986,10078,Clothing,152.87,4,4.4,4683,2024-05-04 05:22:52.972972972
1546,10046,Home,470.64,3,4.2,494,2024-05-04 22:55:08.108108108
1960,10055,Beauty,133.35,1,4.8,3182,2024-05-05 16:27:23.243243242
1738,10085,Electronics,217.68,4,3.1,1784,2024-05-06 09:59:38.378378378
1612,10013,Beauty,437.0,2,3.0,3510,2024-05-07 03:31:53.513513514
1942,10089,Clothing,421.76,1,2.6,3786,2024-05-07 21:04:08.648648648
1461,10027,Sports,97.12,4,1.6,4130,2024-05-08 14:36:23.783783784
1642,10086,Clothing,402.31,4,3.3,998,2024-05-09 08:08:38.918918918
1768,10077,Sports,231.8,2,2.1,4469,2024-05-10 01:40:54.054054054
1004,10087,Sports,244.07,4,4.7,1451,2024-05-10 19:13:09.189189188
1217,10001,Home,71.07,3,3.3,1751,2024-05-11 12:45:24.324324324
1502,10025,Beauty,44.9,2,3.4,2280,2024-05-12 06:17:39.459459460
1766,10013,Electronics,365.33,1,2.4,4800,2024-05-12 23:49:54.594594594
1397,10058,Electronics,250.75,1,1.2,4658,2024-05-13 17:22:09.729729730
1870,10055,Books,221.24,3,1.1,2934,2024-05-14 10:54:24.864864864
1794,10006,Sports,366.11,1,2.7,3734,2024-05-15 04:26:40.000000000
1392,10002,Electronics,383.93,4,1.3,3346,2024-05-15 21:58:55.135135134
1206,10022,Home,83.66,4,3.4,1873,2024-05-16 15:31:10.270270270
1014,10017,Sports,307.06,3,4.5,4534,2024-05-17 09:03:25.405405404
1857,10037,Home,72.0,1,4.5,3803,2024-05-18 02:35:40.540540540
1553,10098,Electronics,376.93,1,3.6,1979,2024-05-18 20:07:55.675675676
1891,10014,Electronics,330.19,3,1.8,698,2024-05-19 13:40:10.810810810
1460,10063,Books,478.52,2,4.5,1312,2024-05-20 07:12:25.945945946
1690,10088,Electronics,39.13,1,4.5,2962,2024-05-21 00:44:41.081081080
1574,10027,Sports,33.24,2,1.8,2938,2024-05-21 18:16:56.216216216
1863,10073,Sports,144.68,1,3.9,4787,2024-05-22 11:49:11.351351350
1742,10038,Sports,134.54,1,2.1,2300,2024-05-23 05:21:26.486486486
1240,10056,Books,127.25,1,4.2,3197,2024-05-23 22:53:41.621621622
1563,10016,Books,453.6,1,5.0,126,2024-05-24 16:25:56.756756756
1095,10085,Electronics,128.53,4,1.1,1191,2024-05-25 09:58:11.891891892
1899,10089,Clothing,139.62,2,4.6,2639,2024-05-26 03:30:27.027027026
1733,10043,Clothing,380.9,2,3.5,4389,2024-05-26 21:02:42.162162162
1484,10024,Books,227.62,1,4.9,3916,2024-05-27 14:34:57.297297296
1406,10016,Electronics,389.47,1,2.9,1366,2024-05-28 08:07:12.432432432
1230,10012,Clothing,37.36,2,4.4,1019,2024-05-29 01:39:27.567567568
1748,10083,Electronics,246.35,4,1.2,4079,2024-05-29 19:11:42.702702702
1654,10024,Electronics,21.64,3,2.3,4514,2024-05-30 12:43:57.837837838
1170,10067,Electronics,36.01,3,1.3,4539,2024-05-31 06:16:12.972972972
1540,10009,Beauty,453.69,2,4.9,684,2024-05-31 23:48:28.108108108
1035,10066,Sports,73.93,1,4.3,3629,2024-06-01 17:20:43.243243242
1524,10017,Electronics,268.55,1,4.4,2887,2024-06-02 10:52:58.378378378
1159,10099,Beauty,208.49,4,4.8,1462,2024-06-03 04:25:13.513513514
1838,10085,Books,176.93,3,1.3,4086,2024-06-03 21:57:28.648648648
1698,10033,Clothing,450.42,4,2.5,2261,2024-06-04 15:29:43.783783784
1242,10007,Sports,15.8,3,1.3,4180,2024-06-05 09:01:58.918918918
1085,10039,Clothing,333.58,2,1.8,2841,2024-06-06 02:34:14.054054054
1795,10082,Sports,481.88,3,1.9,1767,2024-06-06 20:06:29.189189188
1577,10041,Clothing,282.28,4,2.9,4180,2024-06-07 13:38:44.324324324
1681,10040,Sports,468.73,4,2.1,3560,2024-06-08 07:10:59.459459458
1556,10005,Clothing,30.87,4,1.4,2112,2024-06-09 00:43:14.594594594
1573,10051,Clothing,212.3,2,1.7,4758,2024-06-09 18:15:29.729729730
1952,10025,Clothing,133.78,3,1.6,626,2024-06-10 11:47:44.864864864
1645,10063,Clothing,366.76,3,4.9,4159,2024-06-11 05:20:00.000000000
1795,10097,Books,490.74,4,4.0,3414,2024-06-11 22:52:15.135135134
1027,10058,Electronics,131.98,3,4.9,1375,2024-06-12 16:24:30.270270270
1619,10055,Home,328.82,1,2.8,1181,2024-06-13 09:56:45.405405404
1555,10058,Beauty,103.06,1,2.1,490,2024-06-14 03:29:00.540540540
1339,10069,Home,284.84,1,4.2,3729,2024-06-14 21:01:15.675675676
1797,10032,Home,234.65,3,2.3,3534,2024-06-15 14:33:30.810810810
1957,10052,Sports,486.14,2,2.2,3296,2024-06-16 08:05:45.945945946
1330,10021,Electronics,306.22,2,1.9,1940,2024-06-17 01:38:01.081081080
1639,10020,Sports,178.01,2,1.5,4408,2024-06-17 19:10:16.216216216
1505,10069,Electronics,61.48,2,2.0,1882,2024-06-18 12:42:31.351351350
1347,10069,Electronics,79.87,1,2.4,4908,2024-06-19 06:14:46.486486486
1472,10003,Clothing,116.53,1,3.7,2987,2024-06-19 23:47:01.621621622
1230,10093,Books,129.23,4,1.3,3159,2024-06-20 17:19:16.756756756
1189,10074,Clothing,426.05,3,1.8,4775,2024-06-21 10:51:31.891891892
1224,10061,Books,282.81,3,4.2,4530,2024-06-22 04:23:47.027027026
1384,10061,Sports,264.08,2,1.6,681,2024-06-22 21:56:02.162162162
1376,10093,Books,61.81,1,2.4,1073,2024-06-23 15:28:17.297297296
1282,10094,Sports,430.77,2,4.5,2387,2024-06-24 09:00:32.432432432
1957,10023,Home,362.79,4,1.6,2394,2024-06-25 02:32:47.567567568
1632,10054,Home,38.5,3,1.3,2693,2024-06-25 20:05:02.702702702
1627,10008,Books,355.38,3,2.9,1370,2024-06-26 13:37:17.837837838
1972,10002,Books,274.05,2,2.2,4744,2024-06-27 07:09:32.972972972
1744,10030,Sports,45.45,4,3.3,4340,2024-06-28 00:41:48.108108108
1258,10039,Clothing,231.86,3,4.2,2156,2024-06-28 18:14:03.243243242
1358,10035,Sports,244.92,4,1.5,2580,2024-06-29 11:46:18.378378378
1709,10023,Clothing,87.06,4,3.3,4391,2024-06-30 05:18:33.513513512
1455,10094,Home,473.12,2,3.0,2159,2024-06-30 22:50:48.648648648
1410,10005,Electronics,425.74,1,1.6,3248,2024-07-01 16:23:03.783783784
1648,10065,Books,336.17,2,3.5,3731,2024-07-02 09:55:18.918918918
1317,10083,Clothing,233.84,1,2.1,3829,2024-07-03 03:27:34.054054054
1676,10091,Sports,208.82,4,3.0,1627,2024-07-03 20:59:49.189189188
1224,10074,Home,327.23,1,1.3,3472,2024-07-04 14:32:04.324324324
1818,10003,Clothing,274.99,4,2.8,27,2024-07-05 08:04:19.459459458
1233,10078,Sports,35.83,3,2.2,1985,2024-07-06 01:36:34.594594594
1683,10005,Books,258.69,3,4.3,4153,2024-07-06 19:08:49.729729730
1663,10093,Books,404.17,3,1.2,1521,2024-07-07 12:41:04.864864864
1974,10050,Beauty,232.32,2,2.7,296,2024-07-08 06:13:20.000000000
1826,10061,Electronics,30.72,2,2.8,2181,2024-07-08 23:45:35.135135134
1373,10056,Beauty,394.21,4,3.9,3402,2024-07-09 17:17:50.270270270
1671,10065,Home,104.68,3,3.3,2296,2024-07-10 10:50:05.405405404
1607,10078,Clothing,133.02,2,3.7,2597,2024-07-11 04:22:20.540540540
1471,10074,Home,86.53,3,4.1,901,2024-07-11 21:54:35.675675676
1232,10007,Sports,168.46,2,4.4,1098,2024-07-12 15:26:50.810810810
1691,10025,Books,379.59,1,2.3,1677,2024-07-13 08:59:05.945945946
1112,10050,Beauty,262.1,1,3.2,2881,2024-07-14 02:31:21.081081080
1829,10044,Beauty,106.42,3,4.4,4866,2024-07-14 20:03:36.216216216
1496,10043,Beauty,439.53,4,5.0,1378,2024-07-15 13:35:51.351351350
1441,10004,Home,440.39,2,4.6,1248,2024-07-16 07:08:06.486486486
1563,10069,Books,435.94,2,2.5,3735,2024-07-17 00:40:21.621621620
1267,10025,Clothing,123.2,1,1.8,4241,2024-07-17 18:12:36.756756756
1509,10067,Sports,228.36,1,3.0,1264,2024-07-18 11:44:51.891891892
1806,10018,Clothing,492.57,4,4.0,1907,2024-07-19 05:17:07.027027026
1385,10083,Home,387.15,4,3.0,1058,2024-07-19 22:49:22.162162162
1386,10096,Sports,18.45,4,2.9,2749,2024-07-20 16:21:37.297297296
1112,10019,Beauty,37.28,3,4.4,2048,2024-07-21 09:53:52.432432432
1612,10011,Electronics,234.65,1,2.4,4248,2024-07-22 03:26:07.567567566
1624,10046,Home,455.06,3,4.4,2476,2024-07-22 20:58:22.702702702
1951,10000,Home,271.66,1,2.6,4016,2024-07-23 14:30:37.837837838
1080,10089,Books,251.42,1,2.3,4603,2024-07-24 08:02:52.972972972
1698,10013,Clothing,57.21,2,2.8,3197,2024-07-25 01:35:08.108108108
1112,10063,Home,330.11,1,4.0,4586,2024-07-25 19:07:23.243243242
1001,10037,Home,411.94,1,1.5,3553,2024-07-26 12:39:38.378378378
1641,10036,Beauty,193.31,3,1.8,4440,2024-07-27 06:11:53.513513512
1219,10010,Beauty,388.93,1,4.8,1761,2024-07-27 23:44:08.648648648
1565,10099,Sports,482.42,3,1.7,220,2024-07-28 17:16:23.783783784
1854,10076,Electronics,105.86,4,3.3,4818,2024-07-29 10:48:38.918918920
1996,10002,Books,264.05,1,3.3,4623,2024-07-30 04:20:54.054054052
1735,10032,Electronics,147.13,1,3.0,2888,2024-07-30 21:53:09.189189188
1224,10005,Sports,397.46,3,3.6,1664,2024-07-31 15:25:24.324324324
1384,10049,Beauty,290.91,4,1.9,3986,2024-08-01 08:57:39.459459460
1402,10009,Clothing,319.12,2,3.2,4576,2024-08-02 02:29:54.594594592
1637,10004,Beauty,399.97,4,2.5,2977,2024-08-02 20:02:09.729729728
1129,10022,Books,201.01,3,3.6,1871,2024-08-03 13:34:24.864864864
1052,10009,Beauty,457.97,4,1.6,1462,2024-08-04 07:06:40.000000000
1683,10043,Books,268.85,3,3.3,344,2024-08-05 00:38:55.135135136
1729,10001,Books,83.19,3,1.7,44,2024-08-05 18:11:10.270270268
1671,10012,Books,349.47,2,2.1,2068,2024-08-06 11:43:25.405405404
1709,10039,Sports,397.66,1,1.9,1514,2024-08-07 05:15:40.540540540
1415,10001,Books,161.8,3,1.7,2598,2024-08-07 22:47:55.675675676
1246,10083,Books,429.3,3,4.3,1001,2024-08-08 16:20:10.810810812
1835,10064,Clothing,453.54,2,2.1,1033,2024-08-09 09:52:25.945945944
1438,10062,Electronics,142.07,3,4.7,2040,2024-08-10 03:24:41.081081080
1202,10072,Home,491.84,1,4.9,273,2024-08-10 20:56:56.216216216
1183,10016,Electronics,74.65,2,3.3,2647,2024-08-11 14:29:11.351351352
1122,10008,Books,105.0,1,1.6,1779,2024-08-12 08:01:26.486486484
1400,10074,Clothing,96.19,1,2.5,4476,2024-08-13 01:33:41.621621620
1766,10014,Beauty,447.52,2,4.2,478,2024-08-13 19:05:56.756756756
1293,10023,Clothing,328.87,3,2.5,515,2024-08-14 12:38:11.891891892
1279,10037,Books,80.29,1,1.3,4286,2024-08-15 06:10:27.027027028
1836,10034,Clothing,222.96,1,3.2,1191,2024-08-15 23:42:42.162162160
1883,10093,Clothing,309.57,1,4.4,2668,2024-08-16 17:14:57.297297296
1609,10094,Books,46.31,1,4.2,1411,2024-08-17 10:47:12.432432432
1197,10048,Sports,441.8,2,1.7,3280,2024-08-18 04:19:27.567567568
1981,10068,Clothing,402.78,2,3.7,271,2024-08-18 21:51:42.702702700
1906,10061,Home,255.08,4,1.9,142,2024-08-19 15:23:57.837837836
1510,10059,Home,483.73,4,1.9,3332,2024-08-20 08:56:12.972972972
1751,10049,Clothing,211.79,1,4.5,787,2024-08-21 02:28:28.108108108
1143,10077,Sports,492.13,3,2.0,1681,2024-08-21 20:00:43.243243244
1608,10074,Beauty,335.62,1,2.1,622,2024-08-22 13:32:58.378378376
1200,10008,Books,319.16,3,1.0,3841,2024-08-23 07:05:13.513513512
1123,10033,Home,87.15,1,4.5,3676,2024-08-24 00:37:28.648648648
1186,10075,Beauty,441.55,4,4.2,2572,2024-08-24 18:09:43.783783784
1325,10098,Clothing,216.61,4,3.5,3260,2024-08-25 11:41:58.918918920
1463,10034,Beauty,85.31,3,4.0,4712,2024-08-26 05:14:14.054054052
1348,10000,Electronics,11.24,1,1.6,66,2024-08-26 22:46:29.189189188
1770,10039,Home,282.08,3,2.8,4286,2024-08-27 16:18:44.324324324
1659,10063,Clothing,266.06,4,2.4,4616,2024-08-28 09:50:59.459459460
1763,10021,Books,361.08,1,1.4,1140,2024-08-29 03:23:14.594594592
1954,10059,Sports,445.68,1,2.9,2314,2024-08-29 20:55:29.729729728
1931,10063,Clothing,44.31,3,4.7,2532,2024-08-30 14:27:44.864864864
1402,10092,Books,367.09,2,1.2,3580,2024-08-31 08:00:00.000000000
1345,10071,Sports,97.77,3,2.2,1187,2024-09-01 01:32:15.135135136
1962,10010,Sports,429.8,4,1.8,4471,2024-09-01 19:04:30.270270268
1510,10013,Clothing,410.44,4,2.0,4748,2024-09-02 12:36:45.405405404
1146,10059,Beauty,272.69,4,4.6,3339,2024-09-03 06:09:00.540540540
1147,10029,Beauty,356.57,4,2.9,548,2024-09-03 23:41:15.675675676
1863,10034,Sports,160.6,4,2.9,4087,2024-09-04 17:13:30.810810812
1710,10084,Beauty,238.23,2,4.0,72,2024-09-05 10:45:45.945945944
1819,10036,Electronics,411.71,1,1.6,198,2024-09-06 04:18:01.081081080
1488,10004,Sports,232.34,3,2.9,3201,2024-09-06 21:50:16.216216216
1928,10082,Sports,182.11,3,2.7,1781,2024-09-07 15:22:31.351351352
1935,10077,Books,249.64,4,3.4,571,2024-09-08 08:54:46.486486484
1639,10025,Beauty,414.98,3,5.0,790,2024-09-09 02:27:01.621621620
1550,10061,Sports,170.93,4,4.1,1638,2024-09-09 19:59:16.756756756
1337,10003,Electronics,91.01,2,2.6,1831,2024-09-10 13:31:31.891891892
1871,10088,Books,357.45,2,4.3,1855,2024-09-11 07:03:47.027027028
1640,10041,Clothing,413.86,1,1.7,1174,2024-09-12 00:36:02.162162160
1778,10088,Sports,54.82,2,1.1,3740,2024-09-12 18:08:17.297297296
1987,10017,Electronics,123.74,2,1.8,3277,2024-09-13 11:40:32.432432432
1952,10039,Home,75.28,1,2.4,178,2024-09-14 05:12:47.567567568
1472,10071,Electronics,177.23,3,3.0,2244,2024-09-14 22:45:02.702702700
1945,10038,Electronics,227.92,4,3.5,4086,2024-09-15 16:17:17.837837836
1150,10013,Books,375.67,4,4.6,734,2024-09-16 09:49:32.972972972
1414,10031,Clothing,327.32,3,3.0,798,2024-09-17 03:21:48.108108108
1989,10050,Home,312.36,1,3.0,787,2024-09-17 20:54:03.243243244
1297,10037,Beauty,179.43,3,1.2,2795,2024-09-18 14:26:18.378378376
1610,10096,Beauty,421.52,2,1.1,4304,2024-09-19 07:58:33.513513512
1262,10022,Electronics,238.29,1,3.2,4588,2024-09-20 01:30:48.648648648
1763,10062,Books,489.66,1,2.8,3084,2024-09-20 19:03:03.783783784
1143,10014,Books,318.9,1,4.4,2918,2024-09-21 12:35:18.918918920
1345,10096,Beauty,67.5,4,1.6,731,2024-09-22 06:07:34.054054052
1623,10024,Home,339.71,3,1.1,1129,2024-09-22 23:39:49.189189188
1571,10016,Clothing,165.93,1,2.8,3446,2024-09-23 17:12:04.324324324
1880,10096,Home,344.73,1,1.9,1605,2024-09-24 10:44:19.459459460
1001,10065,Sports,39.47,1,1.2,3778,2024-09-25 04:16:34.594594592
1896,10077,Sports,91.57,3,3.9,2745,2024-09-25 21:48:49.729729728
1303,10052,Clothing,428.59,4,1.4,3170,2024-09-26 15:21:04.864864864
1253,10050,Beauty,117.45,2,3.4,4689,2024-09-27 08:53:20.000000000
1651,10038,Clothing,419.34,4,2.1,2933,2024-09-28 02:25:35.135135136
1452,10050,Books,143.24,1,1.7,1215,2024-09-28 19:57:50.270270268
1036,10069,Sports,323.23,4,2.5,324,2024-09-29 13:30:05.405405404
1159,10005,Electronics,348.6,4,4.2,1850,2024-09-30 07:02:20.540540540
1008,10066,Electronics,258.76,2,2.6,1490,2024-10-01 00:34:35.675675676
1232,10006,Beauty,156.13,3,4.0,893,2024-10-01 18:06:50.810810808
1098,10050,Books,110.26,3,1.5,1390,2024-10-02 11:39:05.945945944
1658,10071,Home,21.43,4,4.1,3389,2024-10-03 05:11:21.081081080
1815,10041,Books,155.45,4,1.9,4239,2024-10-03 22:43:36.216216216
1207,10063,Electronics,328.32,3,3.7,4479,2024-10-04 16:15:51.351351352
1130,10014,Electronics,469.46,3,3.3,2263,2024-10-05 09:48:06.486486484
1403,10028,Sports,436.25,2,4.7,3432,2024-10-06 03:20:21.621621620
1151,10032,Books,384.2,1,2.5,2371,2024-10-06 20:52:36.756756756
1053,10093,Books,395.28,4,1.3,3086,2024-10-07 14:24:51.891891892
1119,10026,Electronics,334.17,3,1.1,4312,2024-10-08 07:57:07.027027028
1672,10035,Home,133.84,4,4.3,1515,2024-10-09 01:29:22.162162160
1919,10028,Beauty,454.06,4,3.1,2917,2024-10-09 19:01:37.297297296
1627,10037,Beauty,337.01,3,4.1,2352,2024-10-10 12:33:52.432432432
1586,10056,Books,282.42,2,1.9,1167,2024-10-11 06:06:07.567567568
1624,10096,Beauty,59.94,4,2.4,110,2024-10-11 23:38:22.702702700
1967,10026,Electronics,226.29,2,1.1,4327,2024-10-12 17:10:37.837837836
1419,10054,Electronics,232.88,3,4.8,3655,2024-10-13 10:42:52.972972972
1421,10032,Books,432.96,1,3.7,3793,2024-10-14 04:15:08.108108108
1103,10067,Books,275.59,1,4.7,1755,2024-10-14 21:47:23.243243244
1851,10085,Sports,193.3,4,2.1,1577,2024-10-15 15:19:38.378378376
1253,10065,Books,488.52,3,3.4,1296,2024-10-16 08:51:53.513513512
1226,10009,Home,59.81,2,3.7,3774,2024-10-17 02:24:08.648648648
1111,10004,Beauty,214.16,4,2.3,2220,2024-10-17 19:56:23.783783784
1509,10073,Books,25.8,3,4.4,972,2024-10-18 13:28:38.918918916
1472,10096,Clothing,371.25,3,4.8,1030,2024-10-19 07:00:54.054054052
1098,10037,Sports,459.45,2,4.5,2593,2024-10-20 00:33:09.189189188
1152,10012,Clothing,143.62,4,4.0,3992,2024-10-20 18:05:24.324324324
1860,10030,Electronics,429.88,3,2.1,4613,2024-10-21 11:37:39.459459460
1913,10046,Beauty,149.65,3,2.1,913,2024-10-22 05:09:54.594594592
1895,10099,Books,455.83,3,4.9,2181,2024-10-22 22:42:09.729729728
1877,10087,Clothing,378.21,2,1.0,3197,2024-10-23 16:14:24.864864864
1337,10051,Beauty,403.43,4,3.9,1462,2024-10-24 09:46:40.000000000
1705,10055,Electronics,13.91,4,3.8,2378,2024-10-25 03:18:55.135135136
1821,10014,Home,481.59,4,3.5,3454,2024-10-25 20:51:10.270270268
1162,10028,Sports,364.7,4,5.0,3553,2024-10-26 14:23:25.405405404
1719,10007,Beauty,155.85,1,2.2,1307,2024-10-27 07:55:40.540540540
1956,10004,Beauty,415.55,1,2.4,4994,2024-10-28 01:27:55.675675676
1680,10028,Home,144.35,4,1.3,1189,2024-10-28 19:00:10.810810808
1995,10046,Beauty,437.01,2,2.8,687,2024-10-29 12:32:25.945945944
1160,10067,Electronics,60.73,1,2.0,4661,2024-10-30 06:04:41.081081080
1579,10075,Electronics,353.32,3,2.4,1207,2024-10-30 23:36:56.216216216
1800,10044,Home,272.65,1,4.3,1894,2024-10-31 17:09:11.351351352
1397,10001,Sports,52.78,3,4.7,4922,2024-11-01 10:41:26.486486484
1276,10026,Books,124.74,4,1.7,1811,2024-11-02 04:13:41.621621620
1815,10094,Clothing,11.14,1,2.5,3183,2024-11-02 21:45:56.756756756
1915,10035,Books,237.04,2,4.7,3797,2024-11-03 15:18:11.891891892
1503,10035,Beauty,154.13,1,1.2,1644,2024-11-04 08:50:27.027027028
1895,10025,Clothing,301.19,1,1.4,3968,2024-11-05 02:22:42.162162160
1391,10042,Home,152.13,1,1.7,2716,2024-11-05 19:54:57.297297296
1134,10026,Home,153.46,4,3.4,190,2024-11-06 13:27:12.432432432
1194,10068,Sports,372.88,2,1.6,1335,2024-11-07 06:59:27.567567568
1400,10019,Clothing,28.83,1,4.9,4803,2024-11-08 00:31:42.702702700
1639,10010,Electronics,451.93,2,2.8,3106,2024-11-08 18:03:57.837837836
1032,10073,Clothing,426.87,4,3.0,378,2024-11-09 11:36:12.972972972
1687,10037,Beauty,335.56,3,2.0,4482,2024-11-10 05:08:28.108108108
1459,10005,Electronics,298.64,1,2.9,3829,2024-11-10 22:40:43.243243244
1954,10071,Home,446.69,2,3.6,615,2024-11-11 16:12:58.378378376
1882,10022,Clothing,96.74,2,4.0,2330,2024-11-12 09:45:13.513513512
1469,10046,Books,44.09,4,4.0,1754,2024-11-13 03:17:28.648648648
1374,10089,Sports,123.56,1,3.3,463,2024-11-13 20:49:43.783783784
1021,10045,Books,398.32,3,4.6,966,2024-11-14 14:21:58.918918916
1749,10011,Sports,22.16,2,4.3,4267,2024-11-15 07:54:14.054054052
1669,10089,Beauty,293.49,1,4.0,3158,2024-11-16 01:26:29.189189188
1037,10012,Books,497.74,3,1.2,3624,2024-11-16 18:58:44.324324324
1229,10061,Clothing,428.57,2,1.0,4938,2024-11-17 12:30:59.459459460
1364,10081,Clothing,263.12,2,1.8,689,2024-11-18 06:03:14.594594592
1562,10088,Books,36.5,3,3.7,2622,2024-11-18 23:35:29.729729728
1437,10096,Clothing,416.53,3,2.6,2212,2024-11-19 17:07:44.864864864
1775,10059,Beauty,301.49,4,2.6,382,2024-11-20 10:40:00.000000000
1282,10042,Electronics,61.89,1,4.5,2256,2024-11-21 04:12:15.135135136
1026,10075,Beauty,51.46,1,4.6,3810,2024-11-21 21:44:30.270270268
1225,10099,Sports,455.27,4,4.6,3503,2024-11-22 15:16:45.405405404
1276,10067,Beauty,336.25,2,2.3,1412,2024-11-23 08:49:00.540540540
1797,10004,Sports,415.5,3,3.8,1583,2024-11-24 02:21:15.675675676
1608,10036,Clothing,440.09,3,2.1,371,2024-11-24 19:53:30.810810808
1283,10071,Electronics,288.03,3,1.8,610,2024-11-25 13:25:45.945945944
1878,10091,Clothing,261.14,2,1.7,115,2024-11-26 06:58:01.081081080
1959,10030,Home,218.06,3,2.4,446,2024-11-27 00:30:16.216216216
1480,10008,Clothing,161.89,3,2.7,1391,2024-11-27 18:02:31.351351352
1452,10050,Sports,220.13,4,4.3,3324,2024-11-28 11:34:46.486486484
1828,10028,Clothing,388.07,2,1.5,1340,2024-11-29 05:07:01.621621620
1815,10077,Clothing,302.95,1,3.9,4510,2024-11-29 22:39:16.756756756
1658,10039,Electronics,446.8,4,3.1,2939,2024-11-30 16:11:31.891891892
1515,10040,Clothing,224.47,4,2.2,3699,2024-12-01 09:43:47.027027024
1546,10085,Electronics,305.51,1,3.0,1073,2024-12-02 03:16:02.162162160
1191,10010,Books,317.5,4,2.2,4813,2024-12-02 20:48:17.297297296
1048,10022,Home,297.89,2,3.4,3569,2024-12-03 14:20:32.432432432
1511,10000,Electronics,352.8,3,2.7,3150,2024-12-04 07:52:47.567567568
1016,10045,Sports,122.53,2,1.7,1605,2024-12-05 01:25:02.702702700
1171,10020,Books,258.62,1,1.5,4657,2024-12-05 18:57:17.837837836
1219,10089,Electronics,56.59,1,3.2,2294,2024-12-06 12:29:32.972972972
1157,10035,Electronics,195.33,4,4.6,3662,2024-12-07 06:01:48.108108108
1476,10053,Home,246.4,2,2.4,4482,2024-12-07 23:34:03.243243244
1045,10086,Sports,327.85,2,3.9,4797,2024-12-08 17:06:18.378378376
1372,10056,Beauty,475.51,1,3.6,983,2024-12-09 10:38:33.513513512
1517,10000,Beauty,302.32,2,4.7,351,2024-12-10 04:10:48.648648648
1098,10062,Electronics,373.08,1,4.3,1724,2024-12-10 21:43:03.783783784
1891,10053,Clothing,255.6,2,3.3,1951,2024-12-11 15:15:18.918918916
1744,10054,Sports,318.88,2,3.6,1279,2024-12-12 08:47:34.054054052
1036,10039,Books,40.11,2,4.6,1907,2024-12-13 02:19:49.189189188
1279,10014,Clothing,130.92,1,2.6,4848,2024-12-13 19:52:04.324324324
1348,10020,Clothing,184.12,4,2.3,1024,2024-12-14 13:24:19.459459460
1496,10046,Sports,238.88,2,1.0,545,2024-12-15 06:56:34.594594592
1301,10072,Electronics,27.6,1,4.3,4174,2024-12-16 00:28:49.729729728
1180,10052,Electronics,74.31,1,4.2,2381,2024-12-16 18:01:04.864864864
1606,10008,Electronics,142.02,2,1.4,888,2024-12-17 11:33:20.000000000
1098,10073,Electronics,485.91,2,3.3,1105,2024-12-18 05:05:35.135135136
1699,10051,Beauty,169.02,4,2.9,2549,2024-12-18 22:37:50.270270268
1992,10056,Electronics,243.61,1,1.5,1990,2024-12-19 16:10:05.405405404
1115,10025,Beauty,102.07,1,4.9,3998,2024-12-20 09:42:20.540540540
1190,10040,Beauty,307.34,3,1.9,3775,2024-12-21 03:14:35.675675676
1252,10034,Electronics,143.94,1,1.3,2812,2024-12-21 20:46:50.810810808
1980,10062,Home,107.46,4,3.4,920,2024-12-22 14:19:05.945945944
1927,10024,Books,260.7,3,4.0,4645,2024-12-23 07:51:21.081081080
1982,10089,Clothing,7.73,3,1.1,2061,2024-12-24 01:23:36.216216216
1160,10074,Beauty,8.79,3,3.6,4487,2024-12-24 18:55:51.351351352
1255,10037,Sports,113.44,2,3.1,3639,2024-12-25 12:28:06.486486484
1322,10001,Sports,23.18,2,1.4,3165,2024-12-26 06:00:21.621621620
1127,10006,Books,58.47,1,1.7,4435,2024-12-26 23:32:36.756756756
1017,10081,Sports,172.74,3,3.3,2644,2024-12-27 17:04:51.891891892
1792,10090,Home,402.28,4,2.2,4852,2024-12-28 10:37:07.027027024
1734,10033,Sports,288.16,2,4.8,1045,2024-12-29 04:09:22.162162160
1565,10090,Clothing,258.77,4,4.3,3556,2024-12-29 21:41:37.297297296
1569,10016,Clothing,150.28,4,4.9,2681,2024-12-30 15:13:52.432432432
1322,10042,Beauty,466.22,2,2.0,3199,2024-12-31 08:46:07.567567568
1871,10058,Electronics,201.52,2,4.9,938,2025-01-01 02:18:22.702702700
1685,10050,Home,48.11,2,2.7,4943,2025-01-01 19:50:37.837837836
1791,10053,Beauty,310.45,2,2.4,441,2025-01-02 13:22:52.972972972
1625,10023,Home,61.35,3,1.2,2550,2025-01-03 06:55:08.108108108
1287,10024,Electronics,175.89,3,1.2,4225,2025-01-04 00:27:23.243243244
1942,10070,Sports,256.17,3,3.8,596,2025-01-04 17:59:38.378378376
1853,10051,Sports,437.74,3,2.8,1505,2025-01-05 11:31:53.513513512
1662,10069,Electronics,249.31,1,1.9,861,2025-01-06 05:04:08.648648648
1961,10087,Beauty,352.62,3,3.5,2640,2025-01-06 22:36:23.783783784
1638,10032,Electronics,496.44,2,2.0,3731,2025-01-07 16:08:38.918918916
1154,10048,Books,70.09,4,3.3,1551,2025-01-08 09:40:54.054054052
1489,10028,Clothing,140.99,3,2.4,3236,2025-01-09 03:13:09.189189188
1385,10062,Beauty,200.32,1,4.3,1736,2025-01-09 20:45:24.324324324
1985,10021,Home,213.8,2,4.3,1449,2025-01-10 14:17:39.459459460
1784,10025,Books,208.46,4,2.9,264,2025-01-11 07:49:54.594594592
1103,10027,Beauty,454.27,4,2.4,2659,2025-01-12 01:22:09.729729728
1928,10084,Electronics,358.45,3,2.5,2721,2025-01-12 18:54:24.864864864
1392,10048,Electronics,305.91,4,4.2,1462,2025-01-13 12:26:40.000000000
1810,10070,Electronics,158.14,3,2.3,4252,2025-01-14 05:58:55.135135132
1245,10080,Electronics,412.78,3,1.8,1445,2025-01-14 23:31:10.270270268
1175,10083,Home,477.75,2,1.3,2298,2025-01-15 17:03:25.405405404
1038,10048,Books,411.49,2,2.9,2925,2025-01-16 10:35:40.540540540
1476,10019,Sports,5.77,1,2.9,1632,2025-01-17 04:07:55.675675676
1681,10085,Clothing,320.02,2,4.4,2374,2025-01-17 21:40:10.810810808
1758,10091,Home,30.31,2,1.9,4990,2025-01-18 15:12:25.945945944
1537,10062,Home,132.52,3,2.5,512,2025-01-19 08:44:41.081081080
1866,10060,Sports,34.46,2,4.2,215,2025-01-20 02:16:56.216216216
1817,10048,Sports,303.88,3,4.3,3331,2025-01-20 19:49:11.351351352
1920,10070,Clothing,344.86,3,2.5,2172,2025-01-21 13:21:26.486486484
1407,10000,Clothing,61.67,2,2.8,3153,2025-01-22 06:53:41.621621620
1524,10095,Sports,195.0,1,2.2,1706,2025-01-23 00:25:56.756756756
1827,10012,Electronics,230.84,1,4.7,2106,2025-01-23 17:58:11.891891892
1505,10093,Home,187.68,4,1.5,1567,2025-01-24 11:30:27.027027024
1902,10086,Beauty,64.91,4,4.7,2208,2025-01-25 05:02:42.162162160
1824,10050,Clothing,212.38,2,3.7,2331,2025-01-25 22:34:57.297297296
1035,10055,Clothing,376.83,1,3.1,2153,2025-01-26 16:07:12.432432432
1684,10082,Sports,40.15,3,1.1,1128,2025-01-27 09:39:27.567567568
1019,10061,Books,44.69,4,2.9,3510,2025-01-28 03:11:42.702702700
1320,10031,Beauty,180.61,3,2.6,4323,2025-01-28 20:43:57.837837836
1775,10029,Beauty,471.15,4,1.6,3653,2025-01-29 14:16:12.972972972
1511,10028,Clothing,335.94,2,3.6,2365,2025-01-30 07:48:28.108108108
1399,10048,Electronics,340.94,1,4.9,4897,2025-01-31 01:20:43.243243240
1653,10044,Books,184.15,4,3.2,2921,2025-01-31 18:52:58.378378376
1971,10092,Beauty,298.86,1,3.9,4567,2025-02-01 12:25:13.513513512
1882,10029,Clothing,10.01,3,1.3,1079,2025-02-02 05:57:28.648648648
1470,10015,Beauty,319.87,2,2.7,3511,2025-02-02 23:29:43.783783784
1142,10039,Books,457.08,1,1.5,2741,2025-02-03 17:01:58.918918916
1091,10018,Books,308.22,2,3.5,3020,2025-02-04 10:34:14.054054052
1353,10017,Home,437.48,1,4.8,228,2025-02-05 04:06:29.189189188
1833,10000,Sports,363.37,3,3.6,170,2025-02-05 21:38:44.324324324
1799,10077,Sports,64.68,3,1.3,294,2025-02-06 15:10:59.459459460
1726,10046,Clothing,451.71,2,2.4,4284,2025-02-07 08:43:14.594594592
1958,10065,Books,37.89,3,3.2,425,2025-02-08 02:15:29.729729728
1853,10091,Home,269.31,4,2.6,918,2025-02-08 19:47:44.864864864
1050,10093,Home,75.36,1,4.3,3253,2025-02-09 13:20:00.000000000
1664,10037,Beauty,10.79,3,4.3,498,2025-02-10 06:52:15.135135132
1697,10050,Beauty,213.91,4,3.4,2809,2025-02-11 00:24:30.270270268
1574,10062,Home,151.05,2,2.5,4961,2025-02-11 17:56:45.405405404
1189,10003,Beauty,245.57,4,2.0,825,2025-02-12 11:29:00.540540540
1124,10000,Books,290.71,2,1.4,3779,2025-02-13 05:01:15.675675676
1149,10007,Electronics,26.65,2,2.4,1858,2025-02-13 22:33:30.810810808
1313,10028,Books,65.89,1,2.7,2118,2025-02-14 16:05:45.945945944
1569,10054,Home,281.53,1,3.7,145,2025-02-15 09:38:01.081081080
1341,10002,Home,174.87,4,3.6,4565,2025-02-16 03:10:16.216216216
1304,10031,Books,365.94,1,1.3,3577,2025-02-16 20:42:31.351351352
1691,10009,Beauty,327.88,1,2.6,192,2025-02-17 14:14:46.486486484
1681,10073,Beauty,423.57,1,1.7,3888,2025-02-18 07:47:01.621621620
1837,10082,Sports,347.78,4,1.6,51,2025-02-19 01:19:16.756756756
1782,10033,Home,217.82,3,4.3,2410,2025-02-19 18:51:31.891891892
1053,10096,Clothing,338.12,1,1.2,1820,2025-02-20 12:23:47.027027024
1443,10086,Sports,141.31,1,2.7,2964,2025-02-21 05:56:02.162162160
1612,10054,Beauty,156.63,4,1.7,2521,2025-02-21 23:28:17.297297296
1992,10091,Books,395.55,3,4.5,1869,2025-02-22 17:00:32.432432432
1263,10031,Beauty,225.98,1,3.2,2568,2025-02-23 10:32:47.567567568
1052,10049,Books,400.2,2,1.9,1867,2025-02-24 04:05:02.702702704
1571,10006,Sports,412.1,4,3.0,2738,2025-02-24 21:37:17.837837840
1619,10092,Home,429.49,1,3.9,3269,2025-02-25 15:09:32.972972968
1004,10007,Beauty,458.73,1,4.8,3199,2025-02-26 08:41:48.108108104
1102,10064,Books,218.34,2,1.9,2579,2025-02-27 02:14:03.243243240
1195,10056,Home,162.84,2,4.5,4005,2025-02-27 19:46:18.378378376
1773,10066,Clothing,293.19,4,4.7,4935,2025-02-28 13:18:33.513513512
1876,10087,Books,188.73,4,4.7,240,2025-03-01 06:50:48.648648648
1991,10086,Sports,302.53,2,3.5,3440,2025-03-02 00:23:03.783783784
1883,10058,Clothing,354.27,4,3.5,4631,2025-03-02 17:55:18.918918920
1349,10071,Clothing,345.76,2,2.6,1407,2025-03-03 11:27:34.054054056
1046,10053,Electronics,190.4,1,4.0,3502,2025-03-04 04:59:49.189189184
1866,10066,Beauty,87.6,2,3.1,4038,2025-03-04 22:32:04.324324320
1822,10050,Books,218.11,2,3.7,82,2025-03-05 16:04:19.459459456
1935,10096,Clothing,75.58,3,2.7,3768,2025-03-06 09:36:34.594594592
1819,10091,Electronics,445.6,2,3.9,950,2025-03-07 03:08:49.729729728
1655,10007,Sports,176.21,2,4.3,610,2025-03-07 20:41:04.864864864
1268,10033,Home,81.46,3,1.6,4669,2025-03-08 14:13:20.000000000
1369,10034,Books,17.6,4,4.3,3605,2025-03-09 07:45:35.135135136
1635,10095,Clothing,324.68,3,3.2,4554,2025-03-10 01:17:50.270270272
1105,10087,Beauty,320.27,1,4.4,3283,2025-03-10 18:50:05.405405408
1669,10077,Electronics,173.6,3,2.7,2173,2025-03-11 12:22:20.540540536
1658,10031,Clothing,40.5,1,2.5,3484,2025-03-12 05:54:35.675675672
1656,10045,Beauty,207.77,4,4.7,1522,2025-03-12 23:26:50.810810808
1119,10015,Clothing,159.05,3,2.0,2601,2025-03-13 16:59:05.945945944
1830,10067,Books,340.17,3,4.4,2657,2025-03-14 10:31:21.081081080
1786,10036,Books,304.86,4,2.9,2159,2025-03-15 04:03:36.216216216
1603,10053,Books,185.47,1,3.1,2449,2025-03-15 21:35:51.351351352
1057,10084,Sports,112.86,3,2.2,3830,2025-03-16 15:08:06.486486488
1950,10013,Sports,494.08,1,3.3,121,2025-03-17 08:40:21.621621624
1345,10094,Electronics,229.73,3,2.3,4368,2025-03-18 02:12:36.756756752
1740,10054,Books,345.7,2,1.2,1317,2025-03-18 19:44:51.891891888
1473,10047,Beauty,74.57,3,2.1,4493,2025-03-19 13:17:07.027027024
1116,10081,Clothing,245.37,4,1.0,2518,2025-03-20 06:49:22.162162160
1829,10006,Home,18.63,4,4.9,1230,2025-03-21 00:21:37.297297296
1790,10073,Beauty,255.2,1,4.9,1133,2025-03-21 17:53:52.432432432
1126,10006,Sports,482.19,3,2.6,1301,2025-03-22 11:26:07.567567568
1392,10032,Sports,195.18,1,3.9,4034,2025-03-23 04:58:22.702702704
1907,10022,Beauty,24.3,1,2.4,1910,2025-03-23 22:30:37.837837840
1640,10084,Sports,20.32,2,3.7,1505,2025-03-24 16:02:52.972972968
1057,10018,Books,197.05,2,4.2,3185,2025-03-25 09:35:08.108108104
1633,10018,Electronics,84.21,4,4.8,1916,2025-03-26 03:07:23.243243240
1512,10035,Clothing,16.56,1,2.6,4915,2025-03-26 20:39:38.378378376
1750,10028,Electronics,379.33,4,4.1,3548,2025-03-27 14:11:53.513513512
1801,10059,Clothing,231.97,3,2.1,2757,2025-03-28 07:44:08.648648648
1095,10081,Clothing,148.18,1,5.0,1956,2025-03-29 01:16:23.783783784
1637,10001,Electronics,450.54,1,1.1,178,2025-03-29 18:48:38.918918920
1117,10000,Beauty,62.49,3,3.4,896,2025-03-30 12:20:54.054054056
1559,10046,Clothing,478.18,3,3.6,1551,2025-03-31 05:53:09.189189184
1600,10068,Electronics,160.41,4,3.8,491,2025-03-31 23:25:24.324324320
1487,10019,Clothing,444.76,4,1.5,60,2025-04-01 16:57:39.459459456
1236,10010,Home,303.46,3,4.8,1077,2025-04-02 10:29:54.594594592
1884,10001,Beauty,414.22,4,1.7,2895,2025-04-03 04:02:09.729729728
1896,10066,Books,492.09,3,3.5,4160,2025-04-03 21:34:24.864864864
1271,10086,Clothing,147.76,1,1.9,3683,2025-04-04 15:06:40.000000000
1188,10011,Home,480.76,1,2.2,585,2025-04-05 08:38:55.135135136
1998,10019,Books,197.79,2,3.2,3960,2025-04-06 02:11:10.270270272
1703,10004,Books,195.83,1,2.7,3770,2025-04-06 19:43:25.405405400
1446,10036,Clothing,173.49,3,1.6,534,2025-04-07 13:15:40.540540536
1580,10037,Electronics,273.0,4,1.7,3462,2025-04-08 06:47:55.675675672
1789,10093,Clothing,81.3,2,2.7,4011,2025-04-09 00:20:10.810810808
1860,10008,Home,279.09,4,4.0,3398,2025-04-09 17:52:25.945945944
1246,10097,Books,273.14,3,4.6,2155,2025-04-10 11:24:41.081081080
1962,10052,Clothing,382.14,1,1.3,1004,2025-04-11 04:56:56.216216216
1075,10043,Electronics,417.66,2,2.6,2499,2025-04-11 22:29:11.351351352
1153,10098,Clothing,223.02,3,1.4,326,2025-04-12 16:01:26.486486488
1655,10085,Beauty,154.65,2,1.1,4703,2025-04-13 09:33:41.621621624
1434,10023,Electronics,133.37,2,3.6,2706,2025-04-14 03:05:56.756756752
1996,10080,Home,101.34,1,3.4,1,2025-04-14 20:38:11.891891888
1085,10073,Books,33.54,3,1.7,1033,2025-04-15 14:10:27.027027024
1696,10029,Clothing,174.51,4,1.9,2481,2025-04-16 07:42:42.162162160
1284,10058,Electronics,138.77,2,1.1,124,2025-04-17 01:14:57.297297296
1973,10086,Beauty,483.38,2,4.3,1104,2025-04-17 18:47:12.432432432
1219,10095,Electronics,281.07,4,4.9,2699,2025-04-18 12:19:27.567567568
1068,10080,Sports,176.9,3,1.5,1861,2025-04-19 05:51:42.702702704
1046,10080,Beauty,292.33,2,1.9,2920,2025-04-19 23:23:57.837837840
1093,10013,Home,73.9,2,4.5,128,2025-04-20 16:56:12.972972968
1749,10008,Books,224.8,2,4.7,437,2025-04-21 10:28:28.108108104
1957,10039,Home,314.99,3,2.7,4846,2025-04-22 04:00:43.243243240
1452,10065,Clothing,247.0,3,1.2,2548,2025-04-22 21:32:58.378378376
1203,10024,Electronics,203.88,4,1.2,3129,2025-04-23 15:05:13.513513512
1911,10072,Sports,496.95,3,3.3,1221,2025-04-24 08:37:28.648648648
1217,10021,Beauty,440.76,3,2.6,901,2025-04-25 02:09:43.783783784
1473,10003,Beauty,313.59,1,1.1,3168,2025-04-25 19:41:58.918918920
1431,10025,Electronics,286.84,4,3.3,4486,2025-04-26 13:14:14.054054056
1340,10057,Sports,312.23,2,1.0,3918,2025-04-27 06:46:29.189189184
1550,10028,Electronics,104.65,3,4.1,1067,2025-04-28 00:18:44.324324320
1611,10097,Clothing,200.59,2,2.2,26,2025-04-28 17:50:59.459459456
1288,10086,Home,24.53,2,1.2,547,2025-04-29 11:23:14.594594592
1253,10036,Beauty,240.4,1,3.4,2668,2025-04-30 04:55:29.729729728
1733,10074,Clothing,273.8,3,2.6,566,2025-04-30 22:27:44.864864864
1356,10069,Home,117.74,4,4.9,703,2025-05-01 16:00:00.000000000
1022,10017,Clothing,482.19,3,3.2,4280,2025-05-02 09:32:15.135135136
1761,10084,Sports,455.18,2,2.1,3140,2025-05-03 03:04:30.270270272
1521,10041,Beauty,362.46,4,3.8,1590,2025-05-03 20:36:45.405405400
1757,10099,Electronics,269.03,3,2.1,4943,2025-05-04 14:09:00.540540536
1836,10040,Electronics,435.63,2,4.6,4694,2025-05-05 07:41:15.675675672
1099,10037,Home,69.67,2,2.5,805,2025-05-06 01:13:30.810810808
1801,10033,Books,396.3,1,3.2,3791,2025-05-06 18:45:45.945945944
1179,10016,Sports,66.79,1,1.2,1357,2025-05-07 12:18:01.081081080
1222,10036,Home,398.13,1,2.7,3225,2025-05-08 05:50:16.216216216
1905,10024,Books,141.5,2,4.3,3618,2025-05-08 23:22:31.351351352
1761,10075,Clothing,439.16,3,4.2,2126,2025-05-09 16:54:46.486486488
1658,10086,Sports,472.3,1,1.9,2460,2025-05-10 10:27:01.621621624
1441,10085,Clothing,78.65,3,1.9,545,2025-05-11 03:59:16.756756752
1607,10084,Beauty,234.02,1,4.3,2728,2025-05-11 21:31:31.891891888
1768,10026,Sports,490.59,4,4.7,3734,2025-05-12 15:03:47.027027024
1324,10056,Books,244.29,4,1.4,2562,2025-05-13 08:36:02.162162160
1515,10030,Beauty,432.46,1,2.8,2079,2025-05-14 02:08:17.297297296
1015,10005,Electronics,296.42,2,2.3,2641,2025-05-14 19:40:32.432432432
1791,10090,Books,190.79,1,4.5,3114,2025-05-15 13:12:47.567567568
1335,10039,Home,146.46,1,1.3,1926,2025-05-16 06:45:02.702702704
1758,10097,Electronics,105.6,2,1.8,616,2025-05-17 00:17:17.837837840
1257,10011,Electronics,382.09,4,4.0,3644,2025-05-17 17:49:32.972972968
1496,10052,Home,196.34,3,1.2,1203,2025-05-18 11:21:48.108108104
1987,10070,Sports,258.08,1,3.0,1759,2025-05-19 04:54:03.243243240
1895,10009,Electronics,248.7,2,2.8,2565,2025-05-19 22:26:18.378378376
1159,10044,Books,290.75,1,2.3,3174,2025-05-20 15:58:33.513513512
1474,10016,Beauty,433.46,2,2.6,3081,2025-05-21 09:30:48.648648648
1851,10025,Electronics,490.47,3,3.1,2630,2025-05-22 03:03:03.783783784
1663,10084,Books,206.75,3,1.6,3161,2025-05-22 20:35:18.918918920
1907,10091,Clothing,414.62,4,3.3,4321,2025-05-23 14:07:34.054054056
1689,10061,Books,383.44,2,4.2,669,2025-05-24 07:39:49.189189184
1674,10045,Beauty,288.9,2,4.0,3168,2025-05-25 01:12:04.324324320
1379,10063,Books,478.24,4,1.6,2121,2025-05-25 18:44:19.459459456
1544,10001,Home,104.23,4,1.6,4078,2025-05-26 12:16:34.594594592
1928,10053,Beauty,59.09,2,2.1,4151,2025-05-27 05:48:49.729729728
1956,10064,Sports,427.71,4,2.4,719,2025-05-27 23:21:04.864864864
1690,10050,Clothing,222.38,3,2.6,2600,2025-05-28 16:53:20.000000000
1426,10052,Home,424.25,1,3.7,3598,2025-05-29 10:25:35.135135136
1612,10035,Sports,447.08,3,1.2,4669,2025-05-30 03:57:50.270270272
1267,10025,Books,35.92,4,1.1,666,2025-05-30 21:30:05.405405400
1834,10028,Beauty,442.32,2,2.6,283,2025-05-31 15:02:20.540540536
1576,10020,Clothing,226.92,2,3.8,3903,2025-06-01 08:34:35.675675672
1416,10010,Home,257.66,3,1.8,3565,2025-06-02 02:06:50.810810808
1167,10039,Sports,315.16,2,3.6,2234,2025-06-02 19:39:05.945945944
1841,10010,Sports,463.56,4,2.0,4593,2025-06-03 13:11:21.081081080
1042,10035,Clothing,14.46,3,4.5,1465,2025-06-04 06:43:36.216216216
1555,10058,Books,241.04,2,4.6,129,2025-06-05 00:15:51.351351352
1284,10038,Clothing,345.42,1,2.2,4734,2025-06-05 17:48:06.486486488
1396,10098,Sports,362.74,1,1.9,2060,2025-06-06 11:20:21.621621616
1011,10053,Electronics,347.8,4,2.6,3672,2025-06-07 04:52:36.756756752
1606,10097,Home,71.55,2,2.0,2494,2025-06-07 22:24:51.891891888
1301,10054,Clothing,153.2,4,3.7,992,2025-06-08 15:57:07.027027024
1897,10023,Sports,182.56,3,4.3,2121,2025-06-09 09:29:22.162162160
1252,10021,Books,403.2,1,3.7,2584,2025-06-10 03:01:37.297297296
1498,10068,Sports,142.99,3,4.3,4196,2025-06-10 20:33:52.432432432
1753,10055,Books,109.3,2,2.6,2223,2025-06-11 14:06:07.567567568
1034,10032,Clothing,478.94,4,1.6,4522,2025-06-12 07:38:22.702702704
1726,10035,Books,9.39,4,4.0,3188,2025-06-13 01:10:37.837837840
1848,10019,Beauty,498.92,4,2.4,3237,2025-06-13 18:42:52.972972968
1089,10082,Beauty,340.03,3,3.7,4136,2025-06-14 12:15:08.108108104
1775,10098,Beauty,415.09,1,2.1,4524,2025-06-15 05:47:23.243243240
1604,10080,Electronics,150.84,3,1.3,343,2025-06-15 23:19:38.378378376
1921,10061,Clothing,12.09,3,5.0,4461,2025-06-16 16:51:53.513513512
1969,10097,Sports,370.25,2,1.6,4704,2025-06-17 10:24:08.648648648
1601,10072,Sports,417.9,2,5.0,4823,2025-06-18 03:56:23.783783784
1417,10025,Electronics,371.54,2,4.9,2276,2025-06-18 21:28:38.918918920
1114,10065,Books,75.71,1,4.2,4920,2025-06-19 15:00:54.054054056
1616,10072,Electronics,377.95,1,3.6,3201,2025-06-20 08:33:09.189189184
1902,10072,Books,385.62,2,3.3,888,2025-06-21 02:05:24.324324320
1195,10039,Books,330.98,2,4.5,2043,2025-06-21 19:37:39.459459456
1825,10016,Home,384.23,1,2.2,1341,2025-06-22 13:09:54.594594592
1500,10000,Sports,423.73,4,2.9,3720,2025-06-23 06:42:09.729729728
1625,10088,Beauty,308.73,1,3.5,2883,2025-06-24 00:14:24.864864864
1492,10060,Books,48.86,1,2.6,4212,2025-06-24 17:46:40.000000000
1074,10042,Home,246.38,1,2.7,2415,2025-06-25 11:18:55.135135136
1412,10041,Sports,43.44,2,2.3,1117,2025-06-26 04:51:10.270270272
1375,10024,Beauty,206.73,4,3.3,4263,2025-06-26 22:23:25.405405400
1419,10038,Books,206.52,1,4.4,3001,2025-06-27 15:55:40.540540536
1728,10034,Books,37.67,2,1.8,1738,2025-06-28 09:27:55.675675672
1276,10002,Electronics,177.67,3,4.7,1364,2025-06-29 03:00:10.810810808
1760,10043,Electronics,59.94,3,3.8,2708,2025-06-29 20:32:25.945945944
1675,10050,Sports,405.08,1,4.3,4790,2025-06-30 14:04:41.081081080
1393,10093,Beauty,474.11,3,3.2,924,2025-07-01 07:36:56.216216216
1868,10097,Books,40.8,4,4.1,151,2025-07-02 01:09:11.351351352
1456,10011,Sports,477.78,3,1.1,585,2025-07-02 18:41:26.486486488
1919,10018,Sports,263.68,3,4.3,912,2025-07-03 12:13:41.621621616
1191,10043,Clothing,153.29,4,1.2,2321,2025-07-04 05:45:56.756756752
1738,10058,Electronics,43.05,1,4.6,495,2025-07-04 23:18:11.891891888
1688,10048,Beauty,252.81,1,5.0,3795,2025-07-05 16:50:27.027027024
1098,10060,Books,398.29,4,2.2,2148,2025-07-06 10:22:42.162162160
1547,10016,Sports,355.01,4,1.8,556,2025-07-07 03:54:57.297297296
1977,10073,Books,29.86,4,4.1,1552,2025-07-07 21:27:12.432432432
1998,10056,Clothing,41.09,3,2.0,2120,2025-07-08 14:59:27.567567568
1095,10054,Beauty,204.42,4,4.5,3085,2025-07-09 08:31:42.702702704
1663,10046,Sports,151.17,2,1.4,3504,2025-07-10 02:03:57.837837840
1662,10011,Books,120.03,3,1.5,156,2025-07-10 19:36:12.972972968
1189,10061,Electronics,144.1,1,4.9,734,2025-07-11 13:08:28.108108104
1735,10079,Clothing,402.72,1,3.7,4654,2025-07-12 06:40:43.243243240
1036,10087,Beauty,464.97,1,4.4,3276,2025-07-13 00:12:58.378378376
1779,10082,Clothing,205.53,3,2.3,154,2025-07-13 17:45:13.513513512
1368,10007,Electronics,453.52,2,3.7,996,2025-07-14 11:17:28.648648648
1694,10094,Beauty,164.14,4,3.4,2294,2025-07-15 04:49:43.783783784
1524,10020,Clothing,240.84,4,3.4,4626,2025-07-15 22:21:58.918918920
1278,10080,Home,116.88,1,3.7,2905,2025-07-16 15:54:14.054054056
1216,10086,Electronics,322.04,1,3.3,4824,2025-07-17 09:26:29.189189184
1866,10079,Electronics,489.6,3,2.7,1177,2025-07-18 02:58:44.324324320
1872,10069,Electronics,303.73,2,2.1,153,2025-07-18 20:30:59.459459456
1797,10071,Home,182.12,4,4.1,4187,2025-07-19 14:03:14.594594592
1272,10024,Home,325.67,3,1.9,1716,2025-07-20 07:35:29.729729728
1880,10081,Books,65.85,4,3.8,3202,2025-07-21 01:07:44.864864864
1061,10088,Sports,444.89,1,1.9,2857,2025-07-21 18:40:00.000000000
1595,10011,Clothing,254.03,4,3.5,786,2025-07-22 12:12:15.135135136
1879,10014,Books,227.43,2,4.0,4368,2025-07-23 05:44:30.270270272
1728,10058,Clothing,295.0,2,1.9,4272,2025-07-23 23:16:45.405405400
1341,10025,Sports,314.27,1,1.2,3767,2025-07-24 16:49:00.540540536
1396,10025,Home,40.53,2,1.5,2878,2025-07-25 10:21:15.675675672
1698,10046,Sports,342.9,2,3.4,642,2025-07-26 03:53:30.810810808
1018,10031,Home,124.76,3,4.4,4662,2025-07-26 21:25:45.945945944
1176,10009,Sports,358.41,4,1.2,665,2025-07-27 14:58:01.081081080
1611,10015,Books,412.15,1,3.9,3426,2025-07-28 08:30:16.216216216
1395,10070,Beauty,402.96,1,2.4,3783,2025-07-29 02:02:31.351351352
1444,10016,Books,278.49,1,2.9,3701,2025-07-29 19:34:46.486486488
1232,10022,Clothing,262.48,1,4.7,1069,2025-07-30 13:07:01.621621616
1914,10025,Books,75.72,1,2.3,2349,2025-07-31 06:39:16.756756752
1075,10084,Electronics,388.8,2,2.9,4503,2025-08-01 00:11:31.891891888
1264,10085,Clothing,139.35,3,1.1,1212,2025-08-01 17:43:47.027027024
1454,10006,Sports,250.86,1,1.3,1152,2025-08-02 11:16:02.162162160
1795,10013,Clothing,145.72,3,2.0,2511,2025-08-03 04:48:17.297297296
1717,10078,Beauty,71.25,3,1.1,143,2025-08-03 22:20:32.432432432
1734,10006,Home,316.63,2,3.5,2489,2025-08-04 15:52:47.567567568
1383,10008,Sports,31.89,1,2.7,3228,2025-08-05 09:25:02.702702704
1563,10047,Clothing,375.58,2,3.2,4582,2025-08-06 02:57:17.837837832
1850,10071,Sports,162.21,1,1.7,4955,2025-08-06 20:29:32.972972968
1505,10058,Sports,5.07,2,2.2,3205,2025-08-07 14:01:48.108108104
1366,10086,Sports,258.01,3,3.7,4243,2025-08-08 07:34:03.243243240
1143,10092,Home,28.19,1,4.9,3142,2025-08-09 01:06:18.378378376
1884,10081,Books,141.7,4,1.2,3304,2025-08-09 18:38:33.513513512
1068,10094,Sports,354.95,3,4.6,1357,2025-08-10 12:10:48.648648648
1098,10093,Electronics,36.03,4,3.3,2713,2025-08-11 05:43:03.783783784
1395,10038,Beauty,420.47,3,3.3,4185,2025-08-11 23:15:18.918918920
1024,10098,Home,6.89,2,3.0,1357,2025-08-12 16:47:34.054054056
1947,10017,Clothing,127.18,1,1.3,4294,2025-08-13 10:19:49.189189184
1890,10058,Home,371.75,3,1.4,4633,2025-08-14 03:52:04.324324320
1468,10016,Clothing,161.55,2,3.4,3192,2025-08-14 21:24:19.459459456
1483,10013,Home,55.44,1,2.4,300,2025-08-15 14:56:34.594594592
1564,10030,Clothing,183.32,1,4.7,723,2025-08-16 08:28:49.729729728
1150,10023,Sports,138.84,3,2.6,3010,2025-08-17 02:01:04.864864864
1143,10098,Books,422.14,1,1.6,67,2025-08-17 19:33:20.000000000
1568,10059,Clothing,160.11,3,3.9,3836,2025-08-18 13:05:35.135135136
1038,10044,Clothing,395.52,1,2.2,3993,2025-08-19 06:37:50.270270272
1108,10097,Electronics,446.48,4,3.1,2506,2025-08-20 00:10:05.405405400
1692,10002,Clothing,219.74,2,3.8,1537,2025-08-20 17:42:20.540540536
1041,10036,Electronics,455.42,4,4.6,397,2025-08-21 11:14:35.675675672
1185,10042,Beauty,191.77,3,4.2,4715,2025-08-22 04:46:50.810810808
1934,10039,Sports,482.22,4,3.7,3357,2025-08-22 22:19:05.945945944
1397,10089,Electronics,49.2,3,3.7,1163,2025-08-23 15:51:21.081081080
1222,10054,Books,345.07,1,4.8,4825,2025-08-24 09:23:36.216216216
1633,10086,Sports,249.44,1,2.2,555,2025-08-25 02:55:51.351351352
1132,10038,Electronics,196.89,3,1.0,3661,2025-08-25 20:28:06.486486488
1162,10014,Sports,318.19,4,2.1,1751,2025-08-26 14:00:21.621621616
1214,10003,Sports,353.41,1,1.9,2941,2025-08-27 07:32:36.756756752
1732,10092,Sports,7.16,2,3.6,2657,2025-08-28 01:04:51.891891888
1234,10085,Beauty,87.64,1,3.5,2795,2025-08-28 18:37:07.027027024
1842,10024,Books,357.96,2,3.4,2329,2025-08-29 12:09:22.162162160
1657,10012,Home,334.86,4,1.1,1959,2025-08-30 05:41:37.297297296
1750,10081,Home,483.19,2,3.9,1601,2025-08-30 23:13:52.432432432
1587,10032,Electronics,381.71,2,2.3,2793,2025-08-31 16:46:07.567567568
1008,10015,Sports,475.63,2,3.7,1480,2025-09-01 10:18:22.702702704
1073,10041,Electronics,352.76,2,3.2,1102,2025-09-02 03:50:37.837837832
1953,10065,Beauty,152.54,1,2.4,3276,2025-09-02 21:22:52.972972968
1491,10054,Beauty,57.16,2,1.5,1299,2025-09-03 14:55:08.108108104
1912,10098,Clothing,392.0,1,1.4,4994,2025-09-04 08:27:23.243243240
1252,10041,Beauty,323.85,2,4.3,3879,2025-09-05 01:59:38.378378376
1229,10033,Clothing,28.85,3,4.7,1535,2025-09-05 19:31:53.513513512
1518,10029,Books,183.22,4,3.6,77,2025-09-06 13:04:08.648648648
1173,10012,Electronics,478.62,2,1.4,2831,2025-09-07 06:36:23.783783784
1652,10012,Books,252.7,3,2.6,3410,2025-09-08 00:08:38.918918920
1167,10017,Beauty,219.2,2,3.9,2721,2025-09-08 17:40:54.054054056
1169,10031,Books,231.56,2,4.1,3627,2025-09-09 11:13:09.189189184
1392,10095,Books,108.4,2,1.5,1532,2025-09-10 04:45:24.324324320
1945,10098,Books,187.51,3,1.0,237,2025-09-10 22:17:39.459459456
1794,10038,Beauty,188.06,4,3.8,1996,2025-09-11 15:49:54.594594592
1633,10045,Sports,30.92,3,2.4,3427,2025-09-12 09:22:09.729729728
1193,10028,Books,384.95,4,2.0,277,2025-09-13 02:54:24.864864864
1516,10061,Clothing,211.17,2,1.1,3089,2025-09-13 20:26:40.000000000
1028,10092,Beauty,411.98,1,3.2,523,2025-09-14 13:58:55.135135136
1164,10061,Books,425.92,2,4.4,4275,2025-09-15 07:31:10.270270272
1421,10056,Sports,109.94,4,4.8,4218,2025-09-16 01:03:25.405405400
1338,10015,Beauty,330.39,3,3.3,3122,2025-09-16 18:35:40.540540536
1647,10055,Home,238.78,2,3.1,4575,2025-09-17 12:07:55.675675672
1495,10009,Sports,440.68,3,1.3,1797,2025-09-18 05:40:10.810810808
1364,10029,Clothing,111.79,3,3.2,2131,2025-09-18 23:12:25.945945944
1832,10024,Books,340.52,3,2.5,815,2025-09-19 16:44:41.081081080
1341,10083,Home,305.84,2,3.4,2694,2025-09-20 10:16:56.216216216
1499,10004,Home,151.17,3,2.6,442,2025-09-21 03:49:11.351351352
1656,10064,Beauty,72.62,3,2.0,3140,2025-09-21 21:21:26.486486488
1510,10093,Home,327.56,2,1.4,142,2025-09-22 14:53:41.621621616
1326,10048,Clothing,370.61,3,2.3,4287,2025-09-23 08:25:56.756756752
1216,10002,Clothing,161.24,2,1.4,1410,2025-09-24 01:58:11.891891888
1300,10044,Electronics,324.19,4,1.7,4473,2025-09-24 19:30:27.027027024
1131,10013,Clothing,200.59,4,4.9,534,2025-09-25 13:02:42.162162160
1803,10029,Sports,358.04,4,2.8,1716,2025-09-26 06:34:57.297297296
1069,10067,Home,103.61,3,3.1,3364,2025-09-27 00:07:12.432432432
1251,10017,Clothing,445.66,1,4.5,1032,2025-09-27 17:39:27.567567568
1414,10061,Beauty,147.27,1,5.0,3342,2025-09-28 11:11:42.702702704
1786,10036,Electronics,187.05,3,3.3,1410,2025-09-29 04:43:57.837837832
1444,10024,Home,33.76,1,4.2,4500,2025-09-29 22:16:12.972972968
1875,10047,Electronics,60.2,2,2.3,1172,2025-09-30 15:48:28.108108104
1181,10064,Home,260.35,1,2.2,888,2025-10-01 09:20:43.243243240
1166,10052,Beauty,137.46,3,2.6,3338,2025-10-02 02:52:58.378378376
1090,10078,Electronics,418.56,3,3.7,4517,2025-10-02 20:25:13.513513512
1713,10072,Books,12.27,2,3.7,1641,2025-10-03 13:57:28.648648648
1857,10014,Sports,192.65,4,2.3,471,2025-10-04 07:29:43.783783784
1530,10048,Sports,171.99,3,1.5,2940,2025-10-05 01:01:58.918918920
1038,10087,Home,14.57,2,3.5,546,2025-10-05 18:34:14.054054056
1125,10067,Books,66.56,1,1.5,4726,2025-10-06 12:06:29.189189184
1450,10011,Electronics,209.75,1,3.3,3597,2025-10-07 05:38:44.324324320
1172,10058,Books,248.97,2,3.8,2825,2025-10-07 23:10:59.459459456
1652,10036,Books,205.12,2,3.8,3723,2025-10-08 16:43:14.594594592
1753,10060,Electronics,267.81,3,4.0,363,2025-10-09 10:15:29.729729728
1219,10042,Beauty,299.59,1,4.5,2166,2025-10-10 03:47:44.864864864
1637,10069,Books,9.91,2,3.0,3309,2025-10-10 21:20:00.000000000
1057,10038,Books,234.73,1,3.9,545,2025-10-11 14:52:15.135135136
1659,10055,Beauty,481.93,2,3.5,3240,2025-10-12 08:24:30.270270272
1475,10062,Books,261.92,1,1.7,4729,2025-10-13 01:56:45.405405400
1455,10045,Books,340.38,4,1.1,1936,2025-10-13 19:29:00.540540536
1828,10087,Books,159.37,3,2.1,962,2025-10-14 13:01:15.675675672
1894,10010,Sports,388.13,1,2.8,3005,2025-10-15 06:33:30.810810808
1360,10061,Clothing,387.6,4,3.5,3806,2025-10-16 00:05:45.945945944
1934,10076,Beauty,263.04,1,4.4,882,2025-10-16 17:38:01.081081080
1000,10097,Books,488.13,1,1.8,3840,2025-10-17 11:10:16.216216216
1386,10024,Sports,67.15,4,1.5,870,2025-10-18 04:42:31.351351352
1972,10070,Beauty,13.39,1,4.9,4611,2025-10-18 22:14:46.486486488
1347,10051,Home,386.23,1,1.4,2985,2025-10-19 15:47:01.621621616
1189,10003,Home,404.54,3,2.9,865,2025-10-20 09:19:16.756756752
1504,10058,Books,64.5,4,3.3,4309,2025-10-21 02:51:31.891891888
1190,10071,Sports,136.46,4,3.2,3203,2025-10-21 20:23:47.027027024
1507,10019,Sports,13.69,2,1.3,2897,2025-10-22 13:56:02.162162160
1368,10092,Beauty,150.19,1,1.2,2244,2025-10-23 07:28:17.297297296
1408,10062,Beauty,387.71,3,1.4,18,2025-10-24 01:00:32.432432432
1823,10053,Sports,261.39,1,3.3,641,2025-10-24 18:32:47.567567568
1928,10073,Beauty,177.31,1,3.2,3083,2025-10-25 12:05:02.702702704
1933,10097,Sports,189.01,2,1.9,329,2025-10-26 05:37:17.837837832
1116,10056,Clothing,5.67,1,3.6,865,2025-10-26 23:09:32.972972968
1133,10089,Sports,153.4,3,4.3,773,2025-10-27 16:41:48.108108104
1057,10040,Home,325.0,3,1.2,4487,2025-10-28 10:14:03.243243240
1555,10002,Beauty,487.23,2,3.0,4732,2025-10-29 03:46:18.378378376
1684,10005,Sports,424.3,1,3.8,2354,2025-10-29 21:18:33.513513512
1671,10004,Sports,16.68,3,2.0,3338,2025-10-30 14:50:48.648648648
1172,10004,Beauty,449.79,1,2.2,3518,2025-10-31 08:23:03.783783784
1828,10053,Clothing,392.68,1,3.5,2942,2025-11-01 01:55:18.918918920
1814,10046,Clothing,391.29,1,4.6,2567,2025-11-01 19:27:34.054054048
1148,10086,Beauty,231.71,2,4.2,1674,2025-11-02 12:59:49.189189184
1079,10048,Electronics,202.01,1,3.3,2683,2025-11-03 06:32:04.324324320
1885,10008,Beauty,154.94,3,3.9,3380,2025-11-04 00:04:19.459459456
1212,10098,Beauty,37.52,1,2.5,739,2025-11-04 17:36:34.594594592
1202,10019,Clothing,117.98,3,3.6,1545,2025-11-05 11:08:49.729729728
1763,10060,Clothing,127.07,1,2.9,4564,2025-11-06 04:41:04.864864864
1228,10034,Beauty,244.62,3,1.8,2259,2025-11-06 22:13:20.000000000
1675,10049,Beauty,374.98,3,3.8,1135,2025-11-07 15:45:35.135135136
1226,10081,Beauty,239.54,1,3.2,873,2025-11-08 09:17:50.270270272
1658,10061,Clothing,33.63,1,2.4,4555,2025-11-09 02:50:05.405405400
1531,10016,Beauty,479.11,3,4.6,2300,2025-11-09 20:22:20.540540536
1440,10087,Beauty,471.65,4,1.1,751,2025-11-10 13:54:35.675675672
1401,10002,Books,393.67,2,2.3,853,2025-11-11 07:26:50.810810808
1046,10031,Electronics,495.71,4,1.2,3732,2025-11-12 00:59:05.945945944
1232,10098,Home,274.52,4,4.1,2283,2025-11-12 18:31:21.081081080
1304,10012,Electronics,481.57,1,3.8,1329,2025-11-13 12:03:36.216216216
1525,10088,Books,42.42,2,2.3,477,2025-11-14 05:35:51.351351352
1142,10072,Home,186.01,4,3.7,2726,2025-11-14 23:08:06.486486488
1414,10067,Beauty,116.56,1,2.6,3091,2025-11-15 16:40:21.621621616
1512,10013,Books,101.94,4,4.0,4230,2025-11-16 10:12:36.756756752
1372,10097,Beauty,74.7,4,2.8,4505,2025-11-17 03:44:51.891891888
1565,10010,Clothing,313.09,1,2.6,1269,2025-11-17 21:17:07.027027024
1885,10055,Sports,391.75,1,4.7,4181,2025-11-18 14:49:22.162162160
1258,10066,Books,291.26,1,2.0,2603,2025-11-19 08:21:37.297297296
1655,10091,Clothing,77.75,2,1.5,1469,2025-11-20 01:53:52.432432432
1470,10028,Books,406.51,4,3.3,377,2025-11-20 19:26:07.567567568
1952,10008,Books,319.8,1,4.9,1680,2025-11-21 12:58:22.702702704
1970,10066,Clothing,197.14,3,2.5,241,2025-11-22 06:30:37.837837832
1011,10024,Home,338.69,4,1.2,919,2025-11-23 00:02:52.972972968
1329,10097,Electronics,133.65,3,2.4,69,2025-11-23 17:35:08.108108104
1735,10075,Beauty,175.87,2,3.0,3924,2025-11-24 11:07:23.243243240
1783,10041,Books,459.16,1,1.6,2086,2025-11-25 04:39:38.378378376
1967,10008,Beauty,148.8,3,3.6,2007,2025-11-25 22:11:53.513513512
1357,10078,Sports,237.64,2,5.0,800,2025-11-26 15:44:08.648648648
1971,10039,Clothing,445.62,1,2.8,2779,2025-11-27 09:16:23.783783784
1407,10024,Beauty,355.32,3,2.4,4920,2025-11-28 02:48:38.918918920
1667,10004,Clothing,35.79,3,2.6,755,2025-11-28 20:20:54.054054048
1372,10010,Beauty,77.92,2,1.5,1995,2025-11-29 13:53:09.189189184
1007,10058,Electronics,8.88,1,4.5,1321,2025-11-30 07:25:24.324324320
1121,10097,Electronics,317.31,1,2.7,2330,2025-12-01 00:57:39.459459456
1347,10087,Electronics,226.6,3,2.5,109,2025-12-01 18:29:54.594594592
1675,10078,Electronics,71.47,3,3.6,1016,2025-12-02 12:02:09.729729728
1089,10037,Electronics,479.18,3,2.8,3865,2025-12-03 05:34:24.864864864
1647,10071,Electronics,267.18,1,3.6,24,2025-12-03 23:06:40.000000000
1697,10004,Clothing,124.74,2,1.2,4938,2025-12-04 16:38:55.135135136
1315,10047,Books,252.8,2,4.3,2838,2025-12-05 10:11:10.270270272
1177,10089,Beauty,341.41,1,4.8,737,2025-12-06 03:43:25.405405400
1539,10017,Electronics,42.74,4,3.6,179,2025-12-06 21:15:40.540540536
1731,10069,Clothing,140.98,2,4.8,231,2025-12-07 14:47:55.675675672
1868,10036,Clothing,404.45,3,1.6,1917,2025-12-08 08:20:10.810810808
1040,10059,Clothing,232.53,4,2.9,342,2025-12-09 01:52:25.945945944
1739,10047,Books,275.56,4,3.4,4572,2025-12-09 19:24:41.081081080
1703,10076,Beauty,219.24,2,3.3,2623,2025-12-10 12:56:56.216216216
1922,10027,Books,26.73,4,2.6,454,2025-12-11 06:29:11.351351352
1501,10068,Home,87.05,4,2.4,4384,2025-12-12 00:01:26.486486488
1958,10076,Clothing,225.54,2,1.5,4625,2025-12-12 17:33:41.621621616
1144,10080,Home,108.55,2,2.6,2276,2025-12-13 11:05:56.756756752
1200,10039,Sports,29.74,4,1.7,595,2025-12-14 04:38:11.891891888
1928,10044,Electronics,422.61,3,3.9,3874,2025-12-14 22:10:27.027027024
1723,10095,Electronics,490.69,1,1.8,4530,2025-12-15 15:42:42.162162160
1460,10061,Books,397.61,4,1.2,4977,2025-12-16 09:14:57.297297296
1731,10092,Beauty,427.62,4,3.2,4497,2025-12-17 02:47:12.432432432
1751,10057,Home,124.78,3,3.4,2669,2025-12-17 20:19:27.567567568
1924,10066,Beauty,480.51,4,4.5,2135,2025-12-18 13:51:42.702702704
1908,10055,Books,102.48,4,3.3,3964,2025-12-19 07:23:57.837837832
1557,10039,Electronics,475.96,1,2.4,1565,2025-12-20 00:56:12.972972968
1546,10097,Beauty,497.44,1,4.2,308,2025-12-20 18:28:28.108108104
1252,10039,Beauty,357.3,1,3.2,342,2025-12-21 12:00:43.243243240
1389,10090,Electronics,490.67,2,1.3,435,2025-12-22 05:32:58.378378376
1593,10076,Home,286.92,2,3.3,176,2025-12-22 23:05:13.513513512
1882,10032,Electronics,133.47,1,4.6,138,2025-12-23 16:37:28.648648648
1255,10005,Beauty,221.31,1,2.6,193,2025-12-24 10:09:43.783783784
1708,10087,Home,298.81,2,2.2,3257,2025-12-25 03:41:58.918918920
1814,10018,Home,41.18,3,1.6,3235,2025-12-25 21:14:14.054054048
1920,10079,Electronics,313.06,4,1.6,942,2025-12-26 14:46:29.189189184
1449,10039,Beauty,490.68,4,2.7,4620,2025-12-27 08:18:44.324324320
1009,10091,Books,99.1,1,3.4,3879,2025-12-28 01:50:59.459459456
1823,10096,Beauty,397.33,3,1.3,3113,2025-12-28 19:23:14.594594592
1797,10058,Clothing,454.41,2,4.8,2962,2025-12-29 12:55:29.729729728
1241,10058,Sports,472.13,1,4.0,4836,2025-12-30 06:27:44.864864864
1250,10047,Books,480.27,3,3.3,4957,2025-12-31 00:00:00.000000000
