customer_id,Recency,Frequency,Monetary,total_quantity,avg_price,avg_rating,total_reviews,unique_categories,avg_order_value,max_single_spend,purchase_days,weekend_purchases,engagement_score,loyalty_index,cluster,dbscan_cluster,segment_name
1000,75,1,488.13,1,488.13,1.8,3840,1,488.13,488.13,1,0,14.856278451022629,0.013157894736842105,1,0,Occasional Buyers
1001,462,3,1290.72,5,243.72666666666666,2.433333333333333,10696,3,430.24,839.31,3,0,22.575781944444916,0.0064794816414686825,0,-1,High-Value Customers
1004,308,2,1435.01,5,351.4,4.75,4650,2,717.505,976.28,2,0,40.11297826381446,0.006472491909385114,0,-1,High-Value Customers
1007,31,1,8.88,1,8.88,4.5,1321,1,8.88,8.88,1,1,32.34105459185234,0.03125,1,-1,Occasional Buyers
1008,121,2,1468.78,4,367.195,3.1500000000000004,2970,2,734.39,951.26,2,0,25.189459707707215,0.01639344262295082,0,1,High-Value Customers
1009,3,1,99.1,1,99.1,3.4,3879,1,99.1,99.1,1,1,28.096207470898882,0.25,1,-1,Occasional Buyers
1011,38,2,2745.96,8,343.245,1.9,4591,2,1372.98,1391.2,2,2,16.020934782198864,0.05128205128205128,0,-1,High-Value Customers
1013,681,1,255.4,1,255.4,2.1,264,1,255.4,255.4,1,0,11.717432634571066,0.001466275659824047,1,0,Occasional Buyers
1014,593,2,2280.58,7,323.45500000000004,4.15,4953,2,1140.29,1359.4,2,0,35.307995031704614,0.003367003367003367,0,-1,High-Value Customers
1015,231,1,592.84,2,296.42,2.3,2641,1,592.84,592.84,1,0,18.122370415689222,0.004310344827586207,1,0,Occasional Buyers
1016,391,1,245.06,2,122.53,1.7,1605,1,245.06,245.06,1,0,12.548553220661402,0.002551020408163265,1,0,Occasional Buyers
1017,369,1,518.22,3,172.74,3.3,2644,1,518.22,518.22,1,0,26.005406936164917,0.002702702702702703,1,0,Occasional Buyers
1018,158,1,374.28000000000003,3,124.76,4.4,4662,1,374.28000000000003,374.28000000000003,1,1,37.16862290595661,0.006289308176100629,1,2,Occasional Buyers
1019,337,1,178.76,4,44.69,2.9,3510,1,178.76,178.76,1,0,23.674602910888453,0.0029585798816568047,1,0,Occasional Buyers
1020,686,2,2173.75,5,426.185,3.55,6411,2,1086.875,1407.03,2,1,31.119039123739523,0.002911208151382824,0,-1,High-Value Customers
1021,412,2,2123.76,5,431.36,4.0,4154,2,1061.88,1194.96,2,0,33.32827082915819,0.004842615012106538,0,-1,High-Value Customers
1022,243,1,1446.57,3,482.19,3.2,4280,1,1446.57,1446.57,1,0,26.758214099663828,0.004098360655737705,1,0,Occasional Buyers
1024,141,1,13.78,2,6.89,3.0,1357,1,13.78,13.78,1,0,21.641304924355925,0.007042253521126761,1,0,Occasional Buyers
1026,405,1,51.46,1,51.46,4.6,3810,1,51.46,51.46,1,0,37.92997574401975,0.0024630541871921183,1,0,Occasional Buyers
1027,567,2,1250.02,7,172.75,4.35,2278,2,625.01,854.08,2,1,33.63199032721872,0.0035211267605633804,0,-1,High-Value Customers
1028,108,1,411.98,1,411.98,3.2,523,1,411.98,411.98,1,1,20.036773389827335,0.009174311926605505,1,7,Occasional Buyers
1032,417,2,2292.48,7,310.935,3.2,4621,2,1146.24,1707.48,2,1,27.003464930669846,0.004784688995215311,0,-1,High-Value Customers
1034,202,2,2042.87,5,303.025,2.4000000000000004,6424,2,1021.435,1915.76,2,0,21.04308458343221,0.009852216748768473,0,6,High-Value Customers
1035,339,2,450.76,2,225.38,3.7,5782,2,225.38,376.83,2,2,32.05190807518541,0.0058823529411764705,1,-1,Occasional Buyers
1036,171,3,1838.1100000000001,7,276.10333333333335,3.8333333333333335,5507,3,612.7033333333334,1292.92,3,2,33.02016796275276,0.01744186046511628,0,-1,High-Value Customers
1037,410,1,1493.22,3,497.74,1.2,3624,1,1493.22,1493.22,1,1,9.83473148074653,0.0024330900243309003,1,-1,Occasional Buyers
1038,87,3,1247.64,5,273.86,2.8666666666666667,7464,3,415.88000000000005,822.98,3,1,25.56487803525677,0.03409090909090909,0,-1,High-Value Customers
1040,22,3,2746.92,10,279.37666666666667,3.3000000000000003,4828,3,915.64,969.21,3,1,27.99190246338269,0.13043478260869565,0,-1,High-Value Customers
1041,132,1,1821.68,4,455.42,4.6,397,1,1821.68,1821.68,1,0,27.537679224308413,0.007518796992481203,1,-1,Occasional Buyers
1042,210,1,43.38,3,14.46,4.5,1465,1,43.38,43.38,1,0,32.80631797100968,0.004739336492890996,1,0,Occasional Buyers
1045,388,1,655.7,2,327.85,3.9,4797,1,655.7,655.7,1,1,33.056222329258595,0.002570694087403599,1,2,Occasional Buyers
1046,49,3,2757.8999999999996,7,326.14666666666665,2.3666666666666667,10154,2,919.2999999999998,1982.84,3,1,21.834207488500947,0.06,0,-1,High-Value Customers
1047,614,1,1152.32,4,288.08,1.7,1141,1,1152.32,1152.32,1,0,11.968911863367124,0.0016260162601626016,1,0,Occasional Buyers
1048,393,1,595.78,2,297.89,3.4,3569,1,595.78,595.78,1,0,27.813090974230526,0.0025380710659898475,1,0,Occasional Buyers
1050,325,1,75.36,1,75.36,4.3,3253,1,75.36,75.36,1,1,34.77685323744963,0.003067484662576687,1,2,Occasional Buyers
1052,310,3,3826.67,9,418.76666666666665,2.6,4974,3,1275.5566666666666,1831.88,3,1,22.131669688941003,0.00964630225080386,0,-1,High-Value Customers
1053,314,2,1919.2399999999998,5,366.7,1.25,4906,2,959.6199999999999,1581.12,2,0,10.623022545112379,0.006349206349206349,0,-1,High-Value Customers
1057,64,4,1942.4099999999999,9,217.41,2.875,12047,3,485.60249999999996,975.0,4,2,27.015380106364063,0.06153846153846154,0,-1,High-Value Customers
1058,701,1,1887.28,4,471.82,2.9,2306,1,1887.28,1887.28,1,0,22.456739448703885,0.0014245014245014246,1,0,Occasional Buyers
1061,163,1,444.89,1,444.89,1.9,2857,1,444.89,444.89,1,0,15.119966981130643,0.006097560975609756,1,0,Occasional Buyers
1062,628,1,1581.44,4,395.36,4.9,2705,1,1581.44,1581.44,1,0,38.7258113627806,0.001589825119236884,1,-1,Occasional Buyers
1064,634,1,415.68,3,138.56,1.9,3862,1,415.68,415.68,1,1,15.692478789065934,0.0015748031496062992,1,5,Occasional Buyers
1068,143,2,1595.55,6,265.925,3.05,3218,1,797.775,1064.85,2,2,24.63431939546136,0.013888888888888888,0,-1,High-Value Customers
1069,95,1,310.83,3,103.61,3.1,3364,1,310.83,310.83,1,1,25.17566805044437,0.010416666666666666,1,2,Occasional Buyers
1071,727,1,214.84,4,53.71,2.9,1478,1,214.84,214.84,1,0,21.16745224186132,0.0013736263736263737,1,0,Occasional Buyers
1073,120,1,705.52,2,352.76,3.2,1102,1,705.52,705.52,1,0,22.41852486161121,0.008264462809917356,1,0,Occasional Buyers
1074,189,1,246.38,1,246.38,2.7,2415,1,246.38,246.38,1,0,21.032645109447706,0.005263157894736842,1,0,Occasional Buyers
1075,152,2,1612.92,4,403.23,2.75,7002,1,806.46,835.32,2,0,24.348758246052675,0.013071895424836602,0,-1,High-Value Customers
1079,58,1,202.01,1,202.01,3.3,2683,1,202.01,202.01,1,0,26.05370954370219,0.01694915254237288,1,0,Occasional Buyers
1080,525,2,747.37,2,373.685,3.0,6998,2,373.685,495.95,2,1,26.560567682068616,0.0038022813688212928,1,-1,Occasional Buyers
1085,260,2,767.78,5,183.56,1.75,3874,2,383.89,667.16,2,0,14.459026648128035,0.007662835249042145,1,1,Occasional Buyers
1087,720,1,314.21,1,314.21,4.2,3735,1,314.21,314.21,1,0,34.54823735726468,0.0013869625520110957,1,0,Occasional Buyers
1089,28,2,2457.63,6,409.605,3.25,8001,2,1228.815,1437.54,2,1,29.209202065605837,0.06896551724137931,0,-1,High-Value Customers
1090,90,1,1255.68,3,418.56,3.7,4517,1,1255.68,1255.68,1,0,31.138551379003413,0.01098901098901099,1,0,Occasional Buyers
1091,330,2,1185.8200000000002,4,296.45500000000004,3.65,6534,2,592.9100000000001,616.44,2,1,32.06498583511288,0.006042296072507553,0,3,High-Value Customers
1093,255,1,147.8,2,73.9,4.5,128,1,147.8,147.8,1,1,21.869155819627522,0.00390625,1,2,Occasional Buyers
1095,175,3,1479.98,9,160.37666666666667,3.533333333333333,6232,3,493.32666666666665,817.68,3,2,30.872899396724605,0.017045454545454544,0,-1,High-Value Customers
1098,142,7,4382.77,19,268.57,2.8857142857142857,13711,3,626.11,1593.16,7,2,27.489391163559816,0.04895104895104895,0,-1,High-Value Customers
1099,239,2,459.79999999999995,5,88.245,2.85,823,1,229.89999999999998,320.46,2,0,19.135386010241994,0.008333333333333333,1,-1,Occasional Buyers
1102,307,2,614.78,3,198.22,1.9,6294,2,307.39,436.68,2,0,16.62027079830905,0.006493506493506494,1,1,Occasional Buyers
1103,353,2,2092.67,5,364.92999999999995,3.55,4414,2,1046.335,1817.08,2,1,29.794309051285115,0.005649717514124294,0,-1,High-Value Customers
1105,296,2,418.34,2,209.17,4.4,6421,2,209.17,320.27,2,0,38.57693344845763,0.006734006734006734,1,-1,Occasional Buyers
1106,728,1,273.54,3,91.18,2.5,4350,1,273.54,273.54,1,0,20.9454024568017,0.0013717421124828531,1,0,Occasional Buyers
1108,133,1,1785.92,4,446.48,3.1,2506,1,1785.92,1785.92,1,0,24.263210504290708,0.007462686567164179,1,0,Occasional Buyers
1111,440,1,856.64,4,214.16,2.3,2220,1,856.64,856.64,1,0,17.72313949495718,0.0022675736961451248,1,0,Occasional Buyers
1112,524,3,704.0500000000001,5,209.83,3.866666666666667,9515,2,234.68333333333337,330.11,3,2,35.42148883616835,0.005714285714285714,0,-1,High-Value Customers
1114,195,1,75.71,1,75.71,4.2,4920,1,75.71,75.71,1,0,35.70532157163711,0.00510204081632653,1,0,Occasional Buyers
1115,376,1,102.07,1,102.07,4.9,3998,1,102.07,102.07,1,0,40.63961808334941,0.002652519893899204,1,0,Occasional Buyers
1116,66,2,987.15,5,125.52,2.3,3383,1,493.575,981.48,2,1,18.69167155767006,0.029850746268656716,1,-1,Occasional Buyers
1117,276,1,187.47,3,62.49,3.4,896,1,187.47,187.47,1,1,23.116789930999907,0.0036101083032490976,1,2,Occasional Buyers
1119,293,2,1479.66,6,246.61,1.55,6913,2,739.83,1002.51,2,0,13.704020611746435,0.006802721088435374,0,1,High-Value Customers
1121,30,2,348.05,3,166.34,1.85,4211,2,174.025,317.31,2,1,15.439531815519652,0.06451612903225806,1,3,Occasional Buyers
1122,506,1,105.0,1,105.0,1.6,1779,1,105.0,105.0,1,0,11.97498982925781,0.0019723865877712033,1,0,Occasional Buyers
1123,494,1,87.15,1,87.15,4.5,3676,1,87.15,87.15,1,1,36.944336165855724,0.00202020202020202,1,2,Occasional Buyers
1124,321,1,581.42,2,290.71,1.4,3779,1,581.42,581.42,1,0,11.532471004059085,0.003105590062111801,1,0,Occasional Buyers
1125,86,1,66.56,1,66.56,1.5,4726,1,66.56,66.56,1,0,12.691569046189855,0.011494252873563218,1,0,Occasional Buyers
1126,284,1,1446.57,3,482.19,2.6,1301,1,1446.57,1446.57,1,1,18.64630773919814,0.0035087719298245615,1,-1,Occasional Buyers
1127,370,1,58.47,1,58.47,1.7,4435,1,58.47,58.47,1,0,14.275764192399437,0.0026954177897574125,1,0,Occasional Buyers
1128,630,1,170.45,1,170.45,3.1,1164,1,170.45,170.45,1,0,21.88747673459938,0.001584786053882726,1,0,Occasional Buyers
1129,515,1,603.03,3,201.01,3.6,1871,1,603.03,603.03,1,1,27.125145565335135,0.001937984496124031,1,2,Occasional Buyers
1130,452,3,4281.34,11,395.90000000000003,2.9,8173,2,1427.1133333333335,1553.76,3,3,26.125269625960243,0.006622516556291391,0,-1,High-Value Customers
1131,97,1,802.36,4,200.59,4.9,534,1,802.36,802.36,1,0,30.78310705979043,0.01020408163265306,1,0,Occasional Buyers
1132,128,1,590.67,3,196.89,1.0,3661,1,590.67,590.67,1,0,8.205764725234456,0.007751937984496124,1,0,Occasional Buyers
1133,65,1,460.20000000000005,3,153.4,4.3,773,1,460.20000000000005,460.20000000000005,1,0,28.601759056435828,0.015151515151515152,1,0,Occasional Buyers
1134,420,2,1573.5700000000002,7,236.685,3.5999999999999996,1731,2,786.7850000000001,959.73,2,0,26.84531552084057,0.004750593824228029,0,-1,High-Value Customers
1138,627,1,783.1500000000001,3,261.05,3.6,3515,1,783.1500000000001,783.1500000000001,1,1,29.394285331698246,0.0015923566878980893,1,2,Occasional Buyers
1142,47,2,1201.12,5,321.54499999999996,2.6,5467,2,600.56,744.04,2,0,22.377337314393984,0.041666666666666664,0,1,High-Value Customers
1143,136,4,2245.62,6,315.34,3.225,7808,3,561.405,1476.3899999999999,4,3,28.90577882456213,0.029197080291970802,0,-1,High-Value Customers
1144,18,1,217.1,2,108.55,2.6,2276,1,217.1,217.1,1,1,20.099596571765723,0.05263157894736842,1,4,Occasional Buyers
1146,484,1,1090.76,4,272.69,4.6,3339,1,1090.76,1090.76,1,0,37.32313999546543,0.002061855670103093,1,0,Occasional Buyers
1147,484,1,1426.28,4,356.57,2.9,548,1,1426.28,1426.28,1,0,18.293485480377637,0.002061855670103093,1,0,Occasional Buyers
1148,59,1,463.42,2,231.71,4.2,1674,1,463.42,463.42,1,1,31.1789874658885,0.016666666666666666,1,2,Occasional Buyers
1149,321,1,53.3,2,26.65,2.4,1858,1,53.3,53.3,1,0,18.066705570531465,0.003105590062111801,1,0,Occasional Buyers
1150,136,2,1919.2,7,257.255,3.5999999999999996,3744,2,959.6,1502.68,2,1,29.621436825424748,0.014598540145985401,0,3,High-Value Customers
1151,451,1,384.2,1,384.2,2.5,2371,1,384.2,384.2,1,1,19.42872190029404,0.0022123893805309734,1,7,Occasional Buyers
1152,437,1,574.48,4,143.62,4.0,3992,1,574.48,574.48,1,1,33.169192428252884,0.00228310502283105,1,2,Occasional Buyers
1153,263,1,669.0600000000001,3,223.02,1.4,326,1,669.0600000000001,669.0600000000001,1,1,8.105944239256154,0.003787878787878788,1,4,Occasional Buyers
1154,357,1,280.36,4,70.09,3.3,1551,1,280.36,280.36,1,0,24.24608901245244,0.002793296089385475,1,0,Occasional Buyers
1156,636,1,303.73,1,303.73,2.8,3917,1,303.73,303.73,1,0,23.165342475812558,0.0015698587127158557,1,0,Occasional Buyers
1157,389,1,781.32,4,195.33,4.6,3662,1,781.32,781.32,1,1,37.747773708782546,0.002564102564102564,1,2,Occasional Buyers
1159,225,3,2519.11,9,282.61333333333334,3.766666666666667,6486,3,839.7033333333334,1394.4,3,0,33.06212554043585,0.01327433628318584,0,-1,High-Value Customers
1160,372,3,1406.9399999999998,8,133.16,3.1999999999999997,10332,3,468.97999999999996,1319.84,3,0,29.577913395885933,0.00804289544235925,0,-1,High-Value Customers
1161,657,1,315.69,3,105.23,4.2,4546,1,315.69,315.69,1,0,35.37333640606504,0.001519756838905775,1,0,Occasional Buyers
1162,127,2,2731.56,8,341.445,3.55,5304,1,1365.78,1458.8,2,1,30.446237931220697,0.015625,0,-1,High-Value Customers
1164,107,1,851.84,2,425.92,4.4,4275,1,851.84,851.84,1,0,36.787402397437724,0.009259259259259259,1,0,Occasional Buyers
1166,90,2,585.54,5,112.02000000000001,2.35,3561,2,292.77,412.38,2,0,19.218482040046577,0.02197802197802198,1,1,Occasional Buyers
1167,114,2,1068.72,4,267.18,3.75,4955,2,534.36,630.32,2,0,31.90632841030887,0.017391304347826087,0,1,High-Value Customers
1169,113,1,463.12,2,231.56,4.1,3627,1,463.12,463.12,1,0,33.60539092606361,0.008771929824561403,1,0,Occasional Buyers
1170,579,1,108.03,3,36.01,1.3,4539,1,108.03,108.03,1,0,10.946886978346013,0.0017241379310344827,1,0,Occasional Buyers
1171,391,1,258.62,1,258.62,1.5,4657,1,258.62,258.62,1,0,12.66951217566643,0.002551020408163265,1,0,Occasional Buyers
1172,61,2,947.73,3,349.38,3.0,6343,2,473.865,497.94,2,0,26.265794289944054,0.03225806451612903,0,1,High-Value Customers
1173,115,1,957.24,2,478.62,1.4,2831,1,957.24,957.24,1,1,11.128233836739055,0.008620689655172414,1,-1,Occasional Buyers
1175,350,1,955.5,2,477.75,1.3,2298,1,955.5,955.5,1,0,10.062298382192136,0.002849002849002849,1,0,Occasional Buyers
1176,157,1,1433.64,4,358.41,1.2,665,1,1433.64,1433.64,1,1,7.801547604648467,0.006329113924050633,1,-1,Occasional Buyers
1177,25,1,341.41,1,341.41,4.8,737,1,341.41,341.41,1,1,31.698930358082265,0.038461538461538464,1,-1,Occasional Buyers
1179,238,1,66.79,1,66.79,1.2,1357,1,66.79,66.79,1,0,8.65652196974237,0.0041841004184100415,1,0,Occasional Buyers
1180,380,1,74.31,1,74.31,4.2,2381,1,74.31,74.31,1,0,32.65792214964403,0.0026246719160104987,1,0,Occasional Buyers
1181,91,1,260.35,1,260.35,2.2,888,1,260.35,260.35,1,0,14.938213918130591,0.010869565217391304,1,0,Occasional Buyers
1183,507,1,149.3,2,74.65,3.3,2647,1,149.3,149.3,1,1,26.009147726287765,0.001968503937007874,1,2,Occasional Buyers
1185,131,1,575.3100000000001,3,191.77,4.2,4715,1,575.3100000000001,575.3100000000001,1,0,35.526608298960504,0.007575757575757576,1,0,Occasional Buyers
1186,494,1,1766.2,4,441.55,4.2,2572,1,1766.2,1766.2,1,1,32.98187681158333,0.00202020202020202,1,-1,Occasional Buyers
1187,639,1,148.4,4,37.1,3.3,3536,1,148.4,148.4,1,0,26.964412824378083,0.0015625,1,0,Occasional Buyers
1188,270,1,480.76,1,480.76,2.2,585,1,480.76,480.76,1,1,14.021303537069429,0.0036900369003690036,1,7,Occasional Buyers
1189,72,5,4435.93,13,325.83000000000004,2.8600000000000003,8089,5,887.186,1278.15,5,1,25.73537826875026,0.0684931506849315,0,-1,High-Value Customers
1190,71,2,1467.8600000000001,7,221.89999999999998,2.55,6978,2,733.9300000000001,922.02,2,1,22.569185343493736,0.027777777777777776,0,3,High-Value Customers
1191,180,3,2469.7599999999998,10,254.6966666666667,1.7000000000000002,7977,2,823.2533333333332,1270.0,3,1,15.2735531551911,0.016574585635359115,0,-1,High-Value Customers
1193,109,1,1539.8,4,384.95,2.0,277,1,1539.8,1539.8,1,1,11.255242227381274,0.00909090909090909,1,-1,Occasional Buyers
1194,419,1,745.76,2,372.88,1.6,1335,1,745.76,745.76,1,0,11.515896566554545,0.002380952380952381,1,0,Occasional Buyers
1195,193,2,987.6400000000001,4,246.91000000000003,4.5,6048,2,493.82000000000005,661.96,2,1,39.184417116481114,0.010309278350515464,0,3,High-Value Customers
1197,500,1,883.6,2,441.8,1.7,3280,1,883.6,883.6,1,1,13.763036006033872,0.001996007984031936,1,-1,Occasional Buyers
1200,17,3,1864.24,9,247.6,2.1,7939,2,621.4133333333333,957.48,3,1,18.85730396390648,0.16666666666666666,0,-1,High-Value Customers
1201,656,1,958.5,2,479.25,4.4,556,1,958.5,958.5,1,0,27.819287055680054,0.0015220700152207,1,-1,Occasional Buyers
1202,56,2,845.78,4,304.90999999999997,4.25,1818,2,422.89,491.84,2,1,31.90067925870202,0.03508771929824561,0,3,High-Value Customers
1203,252,1,815.52,4,203.88,1.2,3129,1,815.52,815.52,1,0,9.658545940241039,0.003952569169960474,1,0,Occasional Buyers
1205,669,1,729.2,2,364.6,1.2,4873,1,729.2,729.2,1,1,10.190004281022182,0.0014925373134328358,1,-1,Occasional Buyers
1206,594,1,334.64,4,83.66,3.4,1873,1,334.64,334.64,1,0,25.621823573514448,0.0016806722689075631,1,0,Occasional Buyers
1207,453,1,984.96,3,328.32,3.7,4479,1,984.96,984.96,1,0,31.107299804013415,0.0022026431718061676,1,0,Occasional Buyers
1212,57,1,37.52,1,37.52,2.5,739,1,37.52,37.52,1,0,16.516625465495537,0.017241379310344827,1,0,Occasional Buyers
1214,126,2,2289.77,5,418.75,2.75,6761,2,1144.885,1936.36,2,0,24.252453453986536,0.015748031496062992,0,6,High-Value Customers
1216,98,3,887.6000000000001,4,242.12000000000003,2.733333333333333,10290,2,295.86666666666673,322.48,3,1,25.253335015951983,0.030303030303030304,0,-1,High-Value Customers
1217,250,2,1535.49,6,255.915,2.95,2652,2,767.745,1322.28,2,1,23.256166744706334,0.00796812749003984,0,3,High-Value Customers
1219,82,4,1869.3899999999999,7,256.545,4.35,8920,2,467.34749999999997,1124.28,4,1,39.568310472074955,0.04819277108433735,0,-1,High-Value Customers
1222,129,2,743.2,2,371.6,3.75,8050,2,371.6,398.13,2,1,33.72581844862493,0.015384615384615385,0,-1,High-Value Customers
1224,518,3,2368.04,7,335.8333333333333,3.0333333333333337,9666,3,789.3466666666667,1192.3799999999999,3,1,27.835302350809307,0.005780346820809248,0,-1,High-Value Customers
1225,404,1,1821.08,4,455.27,4.6,3503,1,1821.08,1821.08,1,0,37.543638079458894,0.0024691358024691358,1,-1,Occasional Buyers
1226,53,2,359.15999999999997,3,149.675,3.45,4647,2,179.57999999999998,239.54,2,1,29.132463429934532,0.037037037037037035,1,3,Occasional Buyers
1228,55,1,733.86,3,244.62,1.8,2259,1,733.86,733.86,1,0,13.901616166079396,0.017857142857142856,1,0,Occasional Buyers
1229,117,2,943.69,5,228.71,2.85,6473,1,471.845,857.14,2,1,25.01031588828564,0.01694915254237288,0,-1,High-Value Customers
1230,559,3,2459.2,10,211.16,2.466666666666667,4500,3,819.7333333333332,1867.56,3,1,20.749735354122567,0.005357142857142857,0,-1,High-Value Customers
1232,49,4,2165.87,10,215.3975,4.3,5343,4,541.4675,1098.08,4,0,36.91003777543087,0.08,0,-1,High-Value Customers
1233,543,1,107.49,3,35.83,2.2,1985,1,107.49,107.49,1,1,16.70653125813126,0.001838235294117647,1,-1,Occasional Buyers
1234,125,1,87.64,1,87.64,3.5,2795,1,87.64,87.64,1,0,27.775807861737952,0.007936507936507936,1,0,Occasional Buyers
1236,273,1,910.3799999999999,3,303.46,4.8,1077,1,910.3799999999999,910.3799999999999,1,0,33.51774120705092,0.0036496350364963502,1,0,Occasional Buyers
1240,587,1,127.25,1,127.25,4.2,3197,1,127.25,127.25,1,0,33.89517975225438,0.0017006802721088435,1,0,Occasional Buyers
1241,1,2,1735.58,4,446.64,3.8,5789,2,867.79,1263.4499999999998,2,0,32.92277276815476,1.0,0,-1,High-Value Customers
1242,574,1,47.400000000000006,3,15.8,1.3,4180,1,47.400000000000006,47.400000000000006,1,0,10.839797450763534,0.0017391304347826088,1,0,Occasional Buyers
1243,691,1,421.79,1,421.79,4.3,2181,1,421.79,421.79,1,0,33.058387815489965,0.001445086705202312,1,0,Occasional Buyers
1245,351,1,1238.34,3,412.78,1.8,1445,1,1238.34,1238.34,1,0,13.09780152489368,0.002840909090909091,1,0,Occasional Buyers
1246,265,2,2107.32,6,351.22,4.449999999999999,3156,1,1053.66,1287.9,2,0,35.85532982408306,0.007518796992481203,0,-1,High-Value Customers
1250,1,1,1440.81,3,480.27,3.3,4957,1,1440.81,1440.81,1,0,28.078900451563946,0.5,0,-1,High-Value Customers
1251,95,2,1333.0,3,444.665,3.4,5353,2,666.5,887.34,2,1,29.19103736187301,0.020833333333333332,0,-1,High-Value Customers
1252,10,5,1900.68,8,268.894,3.22,9887,3,380.136,647.7,5,2,29.621028518625863,0.45454545454545453,0,-1,High-Value Customers
1253,245,3,1940.8600000000001,6,282.12333333333333,3.4,8653,2,646.9533333333334,1465.56,3,0,30.823641530668418,0.012195121951219513,0,-1,High-Value Customers
1255,7,2,448.19,3,167.375,2.85,3832,2,224.095,226.88,2,0,23.516498736334587,0.25,1,-1,Occasional Buyers
1257,228,1,1528.36,4,382.09,4.0,3644,1,1528.36,1528.36,1,1,32.80444657777103,0.004366812227074236,1,-1,Occasional Buyers
1258,42,2,986.84,4,261.56,3.1,4759,2,493.42,695.58,2,0,26.250809136398946,0.046511627906976744,0,1,High-Value Customers
1262,467,1,238.29,1,238.29,3.2,4588,1,238.29,238.29,1,0,26.980535726063465,0.002136752136752137,1,0,Occasional Buyers
1263,311,1,225.98,1,225.98,3.2,2568,1,225.98,225.98,1,1,25.124070390751626,0.003205128205128205,1,2,Occasional Buyers
1264,152,1,418.04999999999995,3,139.35,1.1,1212,1,418.04999999999995,418.04999999999995,1,0,7.810937099838456,0.006535947712418301,1,0,Occasional Buyers
1267,215,2,266.88,5,79.56,1.4500000000000002,4907,2,133.44,143.68,2,0,12.323001618454663,0.009259259259259259,1,1,Occasional Buyers
1268,298,1,244.38,3,81.46,1.6,4669,1,244.38,244.38,1,1,13.518262961060708,0.0033444816053511705,1,4,Occasional Buyers
1269,654,1,78.7,1,78.7,1.2,3567,1,78.7,78.7,1,1,9.81571259243988,0.0015267175572519084,1,5,Occasional Buyers
1270,652,2,1189.72,4,297.43,1.2000000000000002,1708,2,594.86,996.38,2,0,8.93239641973871,0.0030627871362940277,1,-1,Occasional Buyers
1271,271,1,147.76,1,147.76,1.9,3683,1,147.76,147.76,1,0,15.602333355012872,0.003676470588235294,1,0,Occasional Buyers
1272,164,1,977.01,3,325.67,1.9,1716,1,977.01,977.01,1,1,14.151834335705203,0.006060606060606061,1,7,Occasional Buyers
1273,684,1,210.63,3,70.21,1.8,219,1,210.63,210.63,1,0,9.708529583434252,0.00145985401459854,1,0,Occasional Buyers
1276,185,4,2111.3,10,261.3725,3.325,6151,3,527.825,672.5,4,3,29.00907059969172,0.021505376344086023,0,-1,High-Value Customers
1278,168,1,116.88,1,116.88,3.7,2905,1,116.88,116.88,1,0,29.505771523281844,0.005917159763313609,1,0,Occasional Buyers
1279,383,2,211.20999999999998,2,105.60499999999999,1.9500000000000002,9134,2,105.60499999999999,130.92,2,0,17.783743514183612,0.005208333333333333,1,1,Occasional Buyers
1282,405,2,923.43,3,246.32999999999998,4.5,4643,2,461.715,861.54,2,0,37.99499104268002,0.0049261083743842365,1,1,Occasional Buyers
1283,401,1,864.0899999999999,3,288.03,1.8,610,1,864.0899999999999,864.0899999999999,1,0,11.547174526508872,0.0024875621890547263,1,0,Occasional Buyers
1284,209,2,622.96,3,242.09500000000003,1.6500000000000001,4858,2,311.48,345.42,2,0,14.006170091769741,0.009523809523809525,1,1,Occasional Buyers
1287,361,1,527.67,3,175.89,1.2,4225,1,527.67,527.67,1,1,10.018813437811202,0.0027624309392265192,1,4,Occasional Buyers
1288,246,2,163.26,3,69.36500000000001,2.45,3326,2,81.63,114.2,2,0,19.869074376245273,0.008097165991902834,1,1,Occasional Buyers
1293,504,1,986.61,3,328.87,2.5,515,1,986.61,986.61,1,0,15.615266913703907,0.0019801980198019802,1,0,Occasional Buyers
1295,647,1,198.81,1,198.81,1.9,1813,1,198.81,198.81,1,1,14.256250298282655,0.0015432098765432098,1,5,Occasional Buyers
1297,469,1,538.29,3,179.43,1.2,2795,1,538.29,538.29,1,0,9.523134124024441,0.002127659574468085,1,0,Occasional Buyers
1300,98,1,1296.76,4,324.19,1.7,4473,1,1296.76,1296.76,1,0,14.290264841485127,0.010101010101010102,1,0,Occasional Buyers
1301,206,2,640.4,5,90.39999999999999,4.0,5166,2,320.2,612.8,2,1,34.200190113148736,0.00966183574879227,0,3,High-Value Customers
1303,461,1,1714.36,4,428.59,1.4,3170,1,1714.36,1714.36,1,0,11.286523184353687,0.0021645021645021645,1,-1,Occasional Buyers
1304,48,2,847.51,2,423.755,2.55,4906,2,423.755,481.57,2,1,21.670965992029252,0.04081632653061224,1,-1,Occasional Buyers
1308,715,1,535.0,2,267.5,4.0,1547,1,535.0,535.0,1,0,29.37887621659869,0.0013966480446927375,1,0,Occasional Buyers
1313,320,2,755.65,5,119.16499999999999,3.35,3843,2,377.825,689.76,2,0,27.651800379802115,0.006230529595015576,1,1,Occasional Buyers
1315,26,2,616.29,3,181.745,3.8499999999999996,7366,2,308.145,505.6,2,1,34.28334850972883,0.07407407407407407,0,-1,High-Value Customers
1317,546,1,233.84,1,233.84,2.1,3829,1,233.84,233.84,1,0,17.32630217256685,0.0018281535648994515,1,0,Occasional Buyers
1320,337,1,541.83,3,180.61,2.6,4323,1,541.83,541.83,1,0,21.767034064773657,0.0029585798816568047,1,0,Occasional Buyers
1322,365,2,978.8000000000001,4,244.70000000000002,1.7,6364,2,489.40000000000003,932.44,2,0,14.88956816868556,0.00546448087431694,1,1,Occasional Buyers
1324,232,1,977.16,4,244.29,1.4,2562,1,977.16,977.16,1,0,10.9885072169097,0.004291845493562232,1,0,Occasional Buyers
1325,493,1,866.44,4,216.61,3.5,3260,1,866.44,866.44,1,1,28.314262115262615,0.0020242914979757085,1,2,Occasional Buyers
1326,99,1,1111.83,3,370.61,2.3,4287,1,1111.83,1111.83,1,0,19.236224116326465,0.01,1,0,Occasional Buyers
1329,38,1,400.95000000000005,3,133.65,2.4,69,1,400.95000000000005,400.95000000000005,1,1,10.196388580918462,0.02564102564102564,1,4,Occasional Buyers
1330,562,2,1066.19,5,228.735,2.4,6617,2,533.095,612.44,2,0,21.11411637235574,0.003552397868561279,1,-1,Occasional Buyers
1335,229,1,146.46,1,146.46,1.3,1926,1,146.46,146.46,1,0,9.832835568938677,0.004347826086956522,1,0,Occasional Buyers
1337,433,3,2107.44,7,268.7133333333333,3.5,4807,2,702.48,1613.72,3,0,29.673127666752652,0.0069124423963133645,0,-1,High-Value Customers
1338,106,1,991.17,3,330.39,3.3,3122,1,991.17,991.17,1,0,26.55361287903416,0.009345794392523364,1,0,Occasional Buyers
1339,565,2,437.13,2,218.565,2.8,4208,1,218.565,284.84,2,1,23.365945032557597,0.0035335689045936395,1,-1,Occasional Buyers
1340,248,1,624.46,2,312.23,1.0,3918,1,624.46,624.46,1,1,8.273591798199632,0.004016064257028112,1,4,Occasional Buyers
1341,102,3,1625.4299999999998,7,264.99333333333334,2.733333333333333,11026,2,541.81,699.48,3,2,25.44214571200705,0.02912621359223301,0,-1,High-Value Customers
1343,631,2,620.3199999999999,5,259.19,2.75,3415,2,310.15999999999997,484.4,2,0,22.374620275998264,0.0031645569620253164,1,1,Occasional Buyers
1345,288,4,2072.73,13,167.10250000000002,2.55,10019,3,518.1825,820.23,4,2,23.491462855329083,0.01384083044982699,0,-1,High-Value Customers
1347,30,3,1145.9,5,230.9,2.1,8002,2,381.9666666666667,679.8,3,1,18.8739006757708,0.0967741935483871,0,-1,High-Value Customers
1348,382,2,747.72,5,97.68,1.95,1090,2,373.86,736.48,2,1,13.639957472374487,0.005221932114882507,1,-1,Occasional Buyers
1349,303,1,691.52,2,345.76,2.6,1407,1,691.52,691.52,1,0,18.849806395466768,0.003289473684210526,1,0,Occasional Buyers
1353,329,1,437.48,1,437.48,4.8,228,1,437.48,437.48,1,0,26.081865617060352,0.0030303030303030303,1,-1,Occasional Buyers
1356,244,1,470.96,4,117.74,4.9,703,1,470.96,470.96,1,0,32.12821394517441,0.004081632653061225,1,0,Occasional Buyers
1357,35,1,475.28,2,237.64,5.0,800,1,475.28,475.28,1,0,33.4293047353418,0.027777777777777776,1,0,Occasional Buyers
1358,550,1,979.68,4,244.92,1.5,2580,1,979.68,979.68,1,1,11.78389829957792,0.0018148820326678765,1,-1,Occasional Buyers
1360,76,1,1550.4,4,387.6,3.5,3806,1,1550.4,1550.4,1,0,28.85608864733874,0.012987012987012988,1,0,Occasional Buyers
1364,104,2,861.61,5,187.455,2.5,2820,1,430.805,526.24,2,0,19.86211677750499,0.01904761904761905,1,-1,Occasional Buyers
1366,145,2,1812.03,6,302.005,3.1,5596,2,906.015,1038.0,2,1,26.752956658563217,0.0136986301369863,0,3,High-Value Customers
1368,69,2,1057.23,3,301.855,2.45,3240,2,528.615,907.04,2,0,19.804911147696792,0.02857142857142857,1,1,Occasional Buyers
1369,297,1,70.4,4,17.6,4.3,3605,1,70.4,70.4,1,1,35.218523936182024,0.003355704697986577,1,2,Occasional Buyers
1372,32,4,1512.3300000000002,10,205.5475,3.0,10128,2,378.08250000000004,582.1800000000001,4,1,27.66947362706039,0.12121212121212122,0,-1,High-Value Customers
1373,540,1,1576.84,4,394.21,3.9,3402,1,1576.84,1576.84,1,0,31.71640943055353,0.0018484288354898336,1,-1,Occasional Buyers
1374,413,1,123.56,1,123.56,3.3,463,1,123.56,123.56,1,0,20.26161902234664,0.0024154589371980675,1,0,Occasional Buyers
1375,188,1,826.92,4,206.73,3.3,4263,1,826.92,826.92,1,0,27.581277787290748,0.005291005291005291,1,0,Occasional Buyers
1376,556,1,61.81,1,61.81,2.4,1073,1,61.81,61.81,1,1,16.749948660165145,0.0017953321364452424,1,5,Occasional Buyers
1378,622,1,301.12,1,301.12,3.7,2528,1,301.12,301.12,1,0,28.991643212678873,0.0016051364365971107,1,0,Occasional Buyers
1379,220,2,2497.14,6,385.16499999999996,2.45,3844,2,1248.57,1912.96,2,1,20.223595760752378,0.00904977375565611,0,-1,High-Value Customers
1383,148,1,31.89,1,31.89,2.7,3228,1,31.89,31.89,1,0,21.815804981047343,0.006711409395973154,1,0,Occasional Buyers
1384,517,2,1691.8000000000002,6,277.495,1.75,4667,2,845.9000000000001,1163.64,2,1,14.78485048846128,0.003861003861003861,0,3,High-Value Customers
1385,356,3,2051.85,6,296.8,3.766666666666667,3198,2,683.9499999999999,1548.6,3,1,30.39923566714319,0.008403361344537815,0,-1,High-Value Customers
1386,74,2,342.40000000000003,8,42.800000000000004,2.2,3619,1,171.20000000000002,268.6,2,2,18.0273044706036,0.02666666666666667,1,-1,Occasional Buyers
1387,665,2,470.36,2,235.18,3.05,6944,2,235.18,364.36,2,1,26.979620628324753,0.003003003003003003,1,-1,Occasional Buyers
1389,9,2,1717.08,4,429.27,3.15,1023,2,858.54,981.34,2,0,21.834136187638276,0.2,0,-1,High-Value Customers
1391,421,2,654.51,4,159.79500000000002,2.55,3795,2,327.255,502.38,2,0,21.016343057311033,0.004739336492890996,1,1,Occasional Buyers
1392,112,4,3171.34,11,248.35500000000002,2.725,10374,3,792.835,1535.72,4,1,25.1984955903945,0.035398230088495575,0,-1,High-Value Customers
1393,183,1,1422.33,3,474.11,3.2,924,1,1422.33,1422.33,1,0,21.85533996003976,0.005434782608695652,1,0,Occasional Buyers
1395,142,2,1664.3700000000001,4,411.71500000000003,2.8499999999999996,7968,1,832.1850000000001,1261.41,2,0,25.60244573618358,0.013986013986013986,0,-1,High-Value Customers
1396,159,2,443.8,3,201.635,1.7,4938,2,221.9,362.74,2,0,14.45836087291906,0.0125,1,1,Occasional Buyers
1397,130,3,556.69,7,117.57666666666667,3.2000000000000006,10743,2,185.56333333333336,250.75,3,1,29.70272876224984,0.022900763358778626,0,-1,High-Value Customers
1399,334,1,340.94,1,340.94,4.9,4897,1,340.94,340.94,1,0,41.633252963809355,0.0029850746268656717,1,-1,Occasional Buyers
1400,418,2,125.02,2,62.51,3.7,9279,1,62.51,96.19,2,0,33.80178225538691,0.00477326968973747,1,-1,Occasional Buyers
1401,50,2,1169.03,3,387.68,3.65,5123,2,584.515,787.34,2,0,31.17717092001068,0.0392156862745098,0,1,High-Value Customers
1402,487,2,1372.42,4,343.105,2.2,8156,2,686.21,734.18,2,1,19.81458981326128,0.004098360655737705,0,-1,High-Value Customers
1403,451,1,872.5,2,436.25,4.7,3432,1,872.5,872.5,1,1,38.26359202925115,0.0022123893805309734,1,-1,Occasional Buyers
1406,582,2,678.4300000000001,4,242.895,2.8499999999999996,1732,1,339.21500000000003,389.47,2,1,21.254186475689473,0.003430531732418525,1,-1,Occasional Buyers
1407,33,2,1189.3,5,208.495,2.5999999999999996,8073,2,594.65,1065.96,2,0,23.3906511836735,0.058823529411764705,0,1,High-Value Customers
1408,68,1,1163.1299999999999,3,387.71,1.4,18,1,1163.1299999999999,1163.1299999999999,1,0,4.122214570833016,0.014492753623188406,1,0,Occasional Buyers
1410,548,1,425.74,1,425.74,1.6,3248,1,425.74,425.74,1,0,12.937764057070561,0.0018214936247723133,1,-1,Occasional Buyers
1412,188,1,86.88,2,43.44,2.3,1117,1,86.88,86.88,1,0,16.1443823035446,0.005291005291005291,1,0,Occasional Buyers
1413,712,1,599.8,4,149.95,3.7,904,1,599.8,599.8,1,0,25.189359291689726,0.001402524544179523,1,0,Occasional Buyers
1414,46,3,1245.79,5,197.04999999999998,3.533333333333333,7231,2,415.2633333333333,981.96,3,2,31.39815718732111,0.06382978723404255,0,-1,High-Value Customers
1415,511,1,485.40000000000003,3,161.8,1.7,2598,1,485.40000000000003,485.40000000000003,1,0,13.366899458890533,0.001953125,1,0,Occasional Buyers
1416,212,1,772.98,3,257.66,1.8,3565,1,772.98,772.98,1,0,14.722559637161556,0.004694835680751174,1,0,Occasional Buyers
1417,196,1,743.08,2,371.54,4.9,2276,1,743.08,743.08,1,0,37.880008923712325,0.005076142131979695,1,0,Occasional Buyers
1418,624,1,195.44,4,48.86,2.8,4563,1,195.44,195.44,1,0,23.5926731907495,0.0016,1,0,Occasional Buyers
1419,187,2,905.16,4,219.7,4.6,6656,2,452.58,698.64,2,1,40.49575137336323,0.010638297872340425,0,3,High-Value Customers
1421,106,2,872.72,5,271.45,4.25,8011,2,436.36,439.76,2,0,38.20195671133926,0.018691588785046728,0,-1,High-Value Customers
1426,216,1,424.25,1,424.25,3.7,3598,1,424.25,424.25,1,0,30.297121839892416,0.004608294930875576,1,0,Occasional Buyers
1427,673,1,1145.28,3,381.76,2.0,889,1,1145.28,1145.28,1,0,13.582442925452371,0.001483679525222552,1,0,Occasional Buyers
1431,249,1,1147.36,4,286.84,3.3,4486,1,1147.36,1147.36,1,1,27.749500699720745,0.004,1,-1,Occasional Buyers
1434,261,1,266.74,2,133.37,3.6,2706,1,266.74,266.74,1,0,28.452946642611483,0.003816793893129771,1,0,Occasional Buyers
1435,730,1,1553.8,4,388.45,2.4,1301,1,1553.8,1553.8,1,0,17.211976374644433,0.0013679890560875513,1,0,Occasional Buyers
1437,407,1,1249.59,3,416.53,2.6,2212,1,1249.59,1249.59,1,0,20.02547128413273,0.0024509803921568627,1,0,Occasional Buyers
1438,508,1,426.21,3,142.07,4.7,2040,1,426.21,426.21,1,1,35.819617265206276,0.0019646365422396855,1,2,Occasional Buyers
1440,51,1,1886.6,4,471.65,1.1,751,1,1886.6,1886.6,1,0,7.285009956344824,0.019230769230769232,1,-1,Occasional Buyers
1441,234,2,1116.73,5,259.52,3.25,1793,2,558.365,880.78,2,1,24.34965988851091,0.00851063829787234,0,3,High-Value Customers
1443,313,1,141.31,1,141.31,2.7,2964,1,141.31,141.31,1,0,21.58550724086593,0.0031847133757961785,1,0,Occasional Buyers
1444,93,2,312.25,2,156.125,3.55,8201,2,156.125,278.49,2,0,31.99307323612961,0.02127659574468085,1,-1,Occasional Buyers
1446,268,1,520.47,3,173.49,1.6,534,1,520.47,520.47,1,0,10.051626795033611,0.0037174721189591076,1,0,Occasional Buyers
1449,4,1,1962.72,4,490.68,2.7,4620,1,1962.72,1962.72,1,1,22.78358930934972,0.2,0,-1,High-Value Customers
1450,85,1,209.75,1,209.75,3.3,3597,1,209.75,209.75,1,0,27.020840267884576,0.011627906976744186,1,0,Occasional Buyers
1452,253,3,1764.76,8,203.45666666666668,2.4,7087,3,588.2533333333333,880.52,3,1,21.278780381483802,0.011811023622047244,0,-1,High-Value Customers
1454,151,2,570.8199999999999,2,285.40999999999997,1.2000000000000002,5030,2,285.40999999999997,319.96,2,1,10.228048860589583,0.013157894736842105,1,-1,Occasional Buyers
1455,79,3,2495.0699999999997,7,333.6033333333333,2.1666666666666665,6157,2,831.6899999999999,1361.52,3,1,18.905265878382963,0.0375,0,-1,High-Value Customers
1456,182,1,1433.34,3,477.78,1.1,585,1,1433.34,1433.34,1,0,7.010651768534714,0.00546448087431694,1,0,Occasional Buyers
1458,721,1,771.54,2,385.77,1.0,1735,1,771.54,771.54,1,0,7.459338895220296,0.0013850415512465374,1,-1,Occasional Buyers
1459,416,2,572.28,5,183.52499999999998,3.75,4575,2,286.14,298.64,2,1,31.607176998973628,0.004796163069544364,1,3,Occasional Buyers
1460,15,2,2547.48,6,438.065,2.85,6289,1,1273.74,1590.44,2,0,24.928141596629285,0.125,0,-1,High-Value Customers
1461,602,2,615.54,5,162.09,2.8499999999999996,4968,2,307.77,388.48,2,0,24.25627559106661,0.003316749585406302,1,1,Occasional Buyers
1463,492,1,255.93,3,85.31,4.0,4712,1,255.93,255.93,1,0,33.83231970769492,0.002028397565922921,1,0,Occasional Buyers
1466,723,1,182.68,4,45.67,1.9,2646,1,182.68,182.68,1,0,14.974246184231493,0.0013812154696132596,1,0,Occasional Buyers
1468,139,1,323.1,2,161.55,3.4,3192,1,323.1,323.1,1,0,27.433635055230255,0.007142857142857143,1,0,Occasional Buyers
1469,413,1,176.36,4,44.09,4.0,1754,1,176.36,176.36,1,0,29.880896543599864,0.0024154589371980675,1,0,Occasional Buyers
1470,41,2,2265.7799999999997,6,363.19,3.0,3888,2,1132.8899999999999,1626.04,2,1,24.79772200246724,0.047619047619047616,0,-1,High-Value Customers
1471,538,2,970.19,5,220.91500000000002,4.55,2720,2,485.095,710.6,2,0,35.98483406146377,0.0037105751391465678,1,-1,Occasional Buyers
1472,438,3,1761.9699999999998,7,221.67,3.8333333333333335,6261,2,587.3233333333333,1113.75,3,2,33.51197712389768,0.00683371298405467,0,-1,High-Value Customers
1473,250,2,537.3,4,194.07999999999998,1.6,7661,1,268.65,313.59,2,0,14.310445320416953,0.00796812749003984,1,-1,Occasional Buyers
1474,224,2,1483.74,4,370.935,2.1,3354,2,741.87,866.92,2,0,17.048234803752145,0.008888888888888889,1,1,Occasional Buyers
1475,79,2,570.1700000000001,4,182.335,1.75,6500,2,285.08500000000004,308.25,2,0,15.364494757857821,0.025,1,1,Occasional Buyers
1476,348,3,1057.25,5,177.17,2.1999999999999997,8283,3,352.4166666666667,558.68,3,1,19.84857868953404,0.008595988538681949,0,-1,High-Value Customers
1480,399,1,485.66999999999996,3,161.89,2.7,1391,1,485.66999999999996,485.66999999999996,1,0,19.543941470414786,0.0025,1,0,Occasional Buyers
1483,138,1,55.44,1,55.44,2.4,300,1,55.44,55.44,1,0,13.6970646353973,0.007194244604316547,1,0,Occasional Buyers
1484,583,2,320.45,2,160.225,4.35,7072,2,160.225,227.62,2,0,38.558573987106556,0.003424657534246575,1,-1,Occasional Buyers
1487,274,1,1779.04,4,444.76,1.5,60,1,1779.04,1779.04,1,0,6.1663107962599675,0.0036363636363636364,1,0,Occasional Buyers
1488,481,1,697.02,3,232.34,2.9,3201,1,697.02,697.02,1,0,23.407439591314315,0.002074688796680498,1,0,Occasional Buyers
1489,356,2,922.1500000000001,4,320.08500000000004,3.5999999999999996,5267,1,461.07500000000005,499.18,2,0,30.849861826307414,0.0056022408963585435,1,-1,Occasional Buyers
1491,119,2,915.04,4,228.76,1.55,4793,2,457.52,800.72,2,0,13.136436643241211,0.016666666666666666,1,1,Occasional Buyers
1492,190,2,897.65,4,165.895,3.8,5901,2,448.825,848.79,2,0,32.99557691091096,0.010471204188481676,0,1,High-Value Customers
1495,104,1,1322.04,3,440.68,1.3,1797,1,1322.04,1322.04,1,0,9.742759279541035,0.009523809523809525,1,0,Occasional Buyers
1496,227,3,2824.8999999999996,9,291.5833333333333,2.4,3126,3,941.6333333333332,1758.12,3,2,19.31479045789882,0.013157894736842105,0,-1,High-Value Customers
1498,204,2,874.77,5,182.945,4.25,5538,1,437.385,445.8,2,1,36.63316934664069,0.00975609756097561,1,-1,Occasional Buyers
1499,101,1,453.51,3,151.17,2.6,442,1,453.51,453.51,1,1,15.843281402117354,0.00980392156862745,1,4,Occasional Buyers
1500,191,1,1694.92,4,423.73,2.9,3720,1,1694.92,1694.92,1,0,23.843068412205206,0.005208333333333333,1,0,Occasional Buyers
1501,19,1,348.2,4,87.05,2.4,4384,1,348.2,348.2,1,0,20.12626777153508,0.05,1,-1,Occasional Buyers
1502,598,2,681.6999999999999,4,170.42499999999998,3.5999999999999996,3129,2,340.84999999999997,591.9,2,2,28.97563782072311,0.00333889816360601,1,-1,Occasional Buyers
1503,422,1,154.13,1,154.13,1.2,1644,1,154.13,154.13,1,0,8.886594795839367,0.002364066193853428,1,0,Occasional Buyers
1504,71,2,1036.6799999999998,6,226.92,3.75,7405,1,518.3399999999999,778.68,2,1,33.412671605525844,0.027777777777777776,0,-1,High-Value Customers
1505,146,3,883.82,8,84.74333333333333,1.9000000000000001,6654,3,294.6066666666667,750.72,3,0,16.725935088575504,0.02040816326530612,0,-1,High-Value Customers
1507,70,1,27.38,2,13.69,1.3,2897,1,27.38,27.38,1,0,10.363308959744817,0.014084507042253521,1,0,Occasional Buyers
1508,672,1,252.71999999999997,3,84.24,1.1,3854,1,252.71999999999997,252.71999999999997,1,0,9.082838914597174,0.0014858841010401188,1,0,Occasional Buyers
1509,439,2,305.76,4,127.08000000000001,3.7,2236,2,152.88,228.36,2,0,28.53769655751348,0.004545454545454545,1,-1,Occasional Buyers
1510,100,4,4728.36,14,336.4675,2.3,9380,2,1182.09,1934.92,4,0,21.036815786089683,0.039603960396039604,0,-1,High-Value Customers
1511,335,2,1730.2800000000002,5,344.37,3.1500000000000004,5515,2,865.1400000000001,1058.4,2,0,27.138535952576557,0.005952380952380952,0,6,High-Value Customers
1512,45,2,424.32,5,59.25,3.3,9145,2,212.16,407.76,2,1,30.0995372839194,0.043478260869565216,0,-1,High-Value Customers
1515,231,2,1330.34,5,328.465,2.5,5778,2,665.17,897.88,2,1,21.654964840794445,0.008620689655172414,0,3,High-Value Customers
1516,109,1,422.34,2,211.17,1.1,3089,1,422.34,422.34,1,1,8.839519006880971,0.00909090909090909,1,4,Occasional Buyers
1517,386,1,604.64,2,302.32,4.7,351,1,604.64,604.64,1,0,27.559066525311056,0.002583979328165375,1,0,Occasional Buyers
1518,116,1,732.88,4,183.22,3.6,77,1,732.88,732.88,1,1,15.68415177608253,0.008547008547008548,1,4,Occasional Buyers
1520,632,1,86.28,2,43.14,4.7,3096,1,86.28,86.28,1,0,37.77948914587406,0.001579778830963665,1,0,Occasional Buyers
1521,242,1,1449.84,4,362.46,3.8,1590,1,1449.84,1449.84,1,1,28.014048507683587,0.00411522633744856,1,-1,Occasional Buyers
1524,169,3,1426.91,6,234.79666666666665,3.3333333333333335,9219,3,475.6366666666667,963.36,3,1,30.430434388502135,0.01764705882352941,0,-1,High-Value Customers
1525,47,1,84.84,2,42.42,2.3,477,1,84.84,84.84,1,0,14.190104684730349,0.020833333333333332,1,0,Occasional Buyers
1530,87,1,515.97,3,171.99,1.5,2940,1,515.97,515.97,1,1,11.979757407830993,0.011363636363636364,1,4,Occasional Buyers
1531,52,1,1437.33,3,479.11,4.6,2300,1,1437.33,1437.33,1,1,35.60905581416268,0.018867924528301886,1,-1,Occasional Buyers
1537,346,1,397.56000000000006,3,132.52,2.5,512,1,397.56000000000006,397.56000000000006,1,1,15.600689612926924,0.002881844380403458,1,2,Occasional Buyers
1539,25,1,170.96,4,42.74,3.6,179,1,170.96,170.96,1,1,18.69464466320476,0.038461538461538464,1,-1,Occasional Buyers
1540,579,1,907.38,2,453.69,4.9,684,1,907.38,907.38,1,0,31.994152307484907,0.0017241379310344827,1,-1,Occasional Buyers
1544,219,1,416.92,4,104.23,1.6,4078,1,416.92,416.92,1,0,13.301771422908093,0.004545454545454545,1,0,Occasional Buyers
1546,11,3,2214.87,5,424.53,3.8000000000000003,1875,3,738.29,1411.92,3,2,28.640209092351448,0.25,0,-1,High-Value Customers
1547,177,1,1420.04,4,355.01,1.8,556,1,1420.04,1420.04,1,0,11.380617431869112,0.0056179775280898875,1,0,Occasional Buyers
1550,247,2,997.6700000000001,7,137.79000000000002,4.1,2705,2,498.83500000000004,683.72,2,0,32.403229915796004,0.008064516129032258,0,1,High-Value Customers
1553,592,1,376.93,1,376.93,3.6,1979,1,376.93,376.93,1,1,27.32706764527889,0.0016863406408094434,1,-1,Occasional Buyers
1555,63,4,3056.16,9,301.3675,3.425,10043,3,764.04,1496.56,4,0,31.560452716950355,0.0625,0,-1,High-Value Customers
1556,570,1,123.48,4,30.87,1.4,2112,1,123.48,123.48,1,1,10.718209624662478,0.0017513134851138354,1,-1,Occasional Buyers
1557,11,1,475.96,1,475.96,2.4,1565,1,475.96,475.96,1,1,17.655071703721795,0.08333333333333333,1,-1,Occasional Buyers
1559,275,1,1434.54,3,478.18,3.6,1551,1,1434.54,1434.54,1,0,26.45027892267539,0.0036231884057971015,1,0,Occasional Buyers
1560,703,1,890.04,4,222.51,3.5,171,1,890.04,890.04,1,1,18.016230668847086,0.0014204545454545455,1,-1,Occasional Buyers
1561,667,1,203.74,1,203.74,4.6,34,1,203.74,203.74,1,0,16.3546010828513,0.0014970059880239522,1,-1,Occasional Buyers
1562,408,2,239.36,4,83.18,2.5,4095,2,119.68,129.86,2,0,20.79441541679836,0.004889975550122249,1,1,Occasional Buyers
1563,147,3,2076.64,5,421.70666666666665,3.5666666666666664,8443,2,692.2133333333333,871.88,3,0,32.246987358653286,0.02027027027027027,0,-1,High-Value Customers
1564,137,2,1372.2,5,240.27,4.35,3497,2,686.1,1188.88,2,1,35.49576795176668,0.014492753623188406,0,3,High-Value Customers
1565,44,4,4035.07,12,341.0475,3.225,8263,3,1008.7675,1447.26,4,2,29.088416434828304,0.08888888888888889,0,-1,High-Value Customers
1566,692,1,931.88,4,232.97,2.5,4478,1,931.88,931.88,1,0,21.01788771551825,0.001443001443001443,1,0,Occasional Buyers
1568,135,1,480.33000000000004,3,160.11,3.9,3836,1,480.33000000000004,480.33000000000004,1,0,32.184539751963115,0.007352941176470588,1,0,Occasional Buyers
1569,319,2,882.65,5,215.90499999999997,4.300000000000001,2826,2,441.325,601.12,2,1,34.17197683808244,0.00625,0,3,High-Value Customers
1571,310,2,1814.3300000000002,5,289.015,2.9,6184,2,907.1650000000001,1648.4,2,0,25.316658625997107,0.006430868167202572,0,6,High-Value Customers
1573,570,2,977.5300000000001,5,198.305,2.7,7655,2,488.76500000000004,552.9300000000001,2,1,24.146761319458538,0.0035026269702276708,0,3,High-Value Customers
1574,323,2,368.58000000000004,4,92.14500000000001,2.15,7899,2,184.29000000000002,302.1,2,0,19.295428782678492,0.006172839506172839,1,1,Occasional Buyers
1576,213,1,453.84,2,226.92,3.8,3903,1,453.84,453.84,1,1,31.425076400625333,0.004672897196261682,1,2,Occasional Buyers
1577,572,1,1129.12,4,282.28,2.9,4180,1,1129.12,1129.12,1,0,24.181086620934035,0.0017452006980802793,1,0,Occasional Buyers
1579,427,1,1059.96,3,353.32,2.4,1207,1,1059.96,1059.96,1,0,17.032131308387424,0.002336448598130841,1,0,Occasional Buyers
1580,267,1,1092.0,4,273.0,1.7,3462,1,1092.0,1092.0,1,0,13.854813925484118,0.0037313432835820895,1,0,Occasional Buyers
1586,446,1,564.84,2,282.42,1.9,1167,1,564.84,564.84,1,0,13.419791510437527,0.0022371364653243847,1,0,Occasional Buyers
1587,122,1,763.42,2,381.71,2.3,2793,1,763.42,763.42,1,1,18.251027941578887,0.008130081300813009,1,7,Occasional Buyers
1592,626,1,311.96,4,77.99,3.9,2226,1,311.96,311.96,1,1,30.062801602303733,0.001594896331738437,1,2,Occasional Buyers
1593,9,1,573.84,2,286.92,3.3,176,1,573.84,573.84,1,0,17.081294117493634,0.1,1,-1,Occasional Buyers
1595,162,1,1016.12,4,254.03,3.5,786,1,1016.12,1016.12,1,0,23.33879886946091,0.006134969325153374,1,0,Occasional Buyers
1600,275,2,2280.84,8,285.105,2.8499999999999996,2145,2,1140.42,1639.2,2,1,21.863378631093333,0.007246376811594203,0,-1,High-Value Customers
1601,196,1,835.8,2,417.9,5.0,4823,1,835.8,835.8,1,0,42.40679369203511,0.005076142131979695,1,0,Occasional Buyers
1603,291,1,185.47,1,185.47,3.1,2449,1,185.47,185.47,1,1,24.191914240970195,0.003424657534246575,1,2,Occasional Buyers
1604,199,1,452.52,3,150.84,1.3,343,1,452.52,452.52,1,1,7.592834154585418,0.005,1,4,Occasional Buyers
1606,207,2,427.14,4,106.785,1.7,3382,2,213.57,284.04,2,1,13.815080886927205,0.009615384615384616,1,3,Occasional Buyers
1607,234,2,500.06000000000006,3,183.52,4.0,5325,2,250.03000000000003,266.04,2,1,34.32142306549551,0.00851063829787234,1,3,Occasional Buyers
1608,402,2,1655.8899999999999,4,387.855,2.1,993,2,827.9449999999999,1320.27,2,1,14.493648133978807,0.004962779156327543,0,3,High-Value Customers
1609,501,1,46.31,1,46.31,4.2,1411,1,46.31,46.31,1,1,30.46160215582339,0.00199203187250996,1,2,Occasional Buyers
1610,468,1,843.04,2,421.52,1.1,4304,1,843.04,843.04,1,0,9.204285658548015,0.0021321961620469083,1,0,Occasional Buyers
1611,156,2,813.3299999999999,3,306.37,3.05,3452,2,406.66499999999996,412.15,2,0,24.848346027039476,0.012738853503184714,1,1,Occasional Buyers
1612,215,4,3076.41,10,318.84000000000003,2.075,14948,3,769.1025,1341.24,4,0,19.945729350420244,0.018518518518518517,0,-1,High-Value Customers
1614,725,1,544.8,4,136.2,3.8,441,1,544.8,544.8,1,1,23.14697755189525,0.0013774104683195593,1,2,Occasional Buyers
1616,194,1,377.95,1,377.95,3.6,3201,1,377.95,377.95,1,0,29.05751121680398,0.005128205128205128,1,0,Occasional Buyers
1619,309,2,758.31,2,379.155,3.3499999999999996,4450,1,379.155,429.49,2,0,28.142961631203107,0.0064516129032258064,1,-1,Occasional Buyers
1623,465,1,1019.1299999999999,3,339.71,1.1,1129,1,1019.1299999999999,1019.1299999999999,1,1,7.732970202877025,0.002145922746781116,1,-1,Occasional Buyers
1624,446,2,1604.94,7,257.5,3.4000000000000004,2586,2,802.47,1365.18,2,0,26.718064219432502,0.0044742729306487695,0,-1,High-Value Customers
1625,190,2,492.78000000000003,4,185.04000000000002,2.35,5433,2,246.39000000000001,308.73,2,0,20.211012356467787,0.010471204188481676,1,1,Occasional Buyers
1627,447,2,2077.17,6,346.195,3.5,3722,2,1038.585,1066.1399999999999,2,0,28.77799775855451,0.004464285714285714,0,6,High-Value Customers
1632,554,1,115.5,3,38.5,1.3,2693,1,115.5,115.5,1,0,10.268417064061403,0.0018018018018018018,1,0,Occasional Buyers
1633,110,3,679.04,8,121.52333333333333,3.1333333333333333,5898,2,226.34666666666666,336.84,3,0,27.205286121876302,0.02702702702702703,0,-1,High-Value Customers
1635,296,1,974.04,3,324.68,3.2,4554,1,974.04,974.04,1,0,26.956738591020986,0.003367003367003367,1,0,Occasional Buyers
1637,82,3,2070.2400000000002,7,286.8066666666667,2.1999999999999997,6464,3,690.08,1599.88,3,1,19.303148240653105,0.03614457831325301,0,-1,High-Value Customers
1638,358,1,992.88,2,496.44,2.0,3731,1,992.88,992.88,1,0,16.44939912393447,0.002785515320334262,1,0,Occasional Buyers
1639,418,3,2504.82,7,348.3066666666667,3.1,8304,3,834.94,1244.94,3,0,27.976300368346926,0.007159904534606206,0,-1,High-Value Customers
1640,282,2,454.5,3,217.09,2.7,2679,2,227.25,413.86,2,0,21.312644598463237,0.007067137809187279,1,1,Occasional Buyers
1641,522,1,579.9300000000001,3,193.31,1.8,4440,1,579.9300000000001,579.9300000000001,1,1,15.117542739525783,0.0019120458891013384,1,4,Occasional Buyers
1642,601,1,1609.24,4,402.31,3.3,998,1,1609.24,1609.24,1,0,22.792290769540227,0.0016611295681063123,1,0,Occasional Buyers
1645,568,1,1100.28,3,366.76,4.9,4159,1,1100.28,1100.28,1,0,40.83302473095102,0.0017574692442882249,1,0,Occasional Buyers
1646,687,1,1969.64,4,492.41,4.8,4239,1,1969.64,1969.64,1,0,40.09112903148482,0.0014534883720930232,1,-1,Occasional Buyers
1647,28,3,1138.26,4,299.82666666666665,2.8333333333333335,6468,2,379.42,477.56,3,0,24.86186764545796,0.10344827586206896,0,-1,High-Value Customers
1648,547,1,672.34,2,336.17,3.5,3731,1,672.34,672.34,1,0,28.78644846688532,0.0018248175182481751,1,0,Occasional Buyers
1651,459,1,1677.36,4,419.34,2.1,2933,1,1677.36,1677.36,1,1,16.76665611327615,0.002173913043478261,1,-1,Occasional Buyers
1652,84,2,1168.34,5,228.91,3.2,7133,1,584.17,758.0999999999999,2,0,28.39240757094028,0.023529411764705882,0,-1,High-Value Customers
1653,334,1,736.6,4,184.15,3.2,2921,1,736.6,736.6,1,0,25.536075495394066,0.0029850746268656717,1,0,Occasional Buyers
1654,580,1,64.92,3,21.64,2.3,4514,1,64.92,64.92,1,0,19.354869071457497,0.0017211703958691911,1,0,Occasional Buyers
1655,41,3,817.22,6,136.20333333333335,2.3000000000000003,6782,3,272.4066666666667,352.42,3,1,20.291001950175986,0.07142857142857142,0,-1,High-Value Customers
1656,101,2,1048.94,7,140.195,3.35,4662,1,524.47,831.08,2,1,28.298837894307873,0.0196078431372549,0,-1,High-Value Customers
1657,123,1,1339.44,4,334.86,1.1,1959,1,1339.44,1339.44,1,1,8.33876972744702,0.008064516129032258,1,-1,Occasional Buyers
1658,52,5,2419.35,11,202.93200000000002,2.8,16827,4,483.87,1787.2,5,3,27.246238445189153,0.09433962264150944,0,-1,High-Value Customers
1659,80,2,2028.1,6,373.995,2.95,7856,2,1014.05,1064.24,2,1,26.459022392868675,0.024691358024691357,0,3,High-Value Customers
1661,716,1,1294.92,4,323.73,4.1,2080,1,1294.92,1294.92,1,0,31.326475688213897,0.001394700139470014,1,-1,Occasional Buyers
1662,174,2,609.4000000000001,4,184.67000000000002,1.7,1017,2,304.70000000000005,360.09000000000003,2,0,11.773511835087795,0.011428571428571429,1,1,Occasional Buyers
1663,174,4,3063.39,11,267.88,2.0749999999999997,12171,3,765.8475,1212.51,4,2,19.519304035359983,0.022857142857142857,0,-1,High-Value Customers
1664,324,1,32.37,3,10.79,4.3,498,1,32.37,32.37,1,0,26.71420621173153,0.003076923076923077,1,0,Occasional Buyers
1667,33,1,107.37,3,35.79,2.6,755,1,107.37,107.37,1,0,17.232907578066786,0.029411764705882353,1,0,Occasional Buyers
1669,295,2,814.29,4,233.54500000000002,3.35,5331,2,407.145,520.8,2,1,28.74796363235031,0.006756756756756757,0,3,High-Value Customers
1671,62,3,1063.02,8,156.94333333333336,2.466666666666667,7702,3,354.34,698.94,3,0,22.075100684470648,0.047619047619047616,0,-1,High-Value Customers
1672,448,1,535.36,4,133.84,4.3,1515,1,535.36,535.36,1,0,31.492471434669962,0.0022271714922048997,1,0,Occasional Buyers
1674,220,2,1017.48,4,254.37,2.6,7374,2,508.74,577.8,2,1,23.155213071140857,0.00904977375565611,0,3,High-Value Customers
1675,29,3,1744.43,7,283.8433333333333,3.9,6941,3,581.4766666666667,1124.94,3,0,34.496846266044756,0.1,0,-1,High-Value Customers
1676,546,1,835.28,4,208.82,3.0,1627,1,835.28,835.28,1,0,22.185322639687456,0.0018281535648994515,1,0,Occasional Buyers
1680,429,1,577.4,4,144.35,1.3,1189,1,577.4,577.4,1,0,9.206221161937247,0.002325581395348837,1,0,Occasional Buyers
1681,316,4,3068.81,9,319.365,2.575,11528,3,767.2025,1874.92,4,1,24.082998764024858,0.012618296529968454,0,-1,High-Value Customers
1683,513,3,2832.69,9,314.74333333333334,3.9,7357,2,944.23,1250.07,3,1,34.723819399092406,0.005836575875486381,0,-1,High-Value Customers
1684,63,2,544.75,4,232.225,2.45,3482,1,272.375,424.3,2,0,19.981340712396705,0.03125,1,-1,Occasional Buyers
1685,364,1,96.22,2,48.11,2.7,4943,1,96.22,96.22,1,0,22.966010997671322,0.0027397260273972603,1,0,Occasional Buyers
1686,695,1,1272.06,3,424.02,3.0,3267,1,1272.06,1272.06,1,0,24.27580036793968,0.0014367816091954023,1,0,Occasional Buyers
1687,416,1,1006.6800000000001,3,335.56,2.0,4482,1,1006.6800000000001,1006.6800000000001,1,1,16.81609548831088,0.002398081534772182,1,-1,Occasional Buyers
1688,179,1,252.81,1,252.81,5.0,3795,1,252.81,252.81,1,1,41.20851579864909,0.005555555555555556,1,-1,Occasional Buyers
1689,221,1,766.88,2,383.44,4.2,669,1,766.88,766.88,1,1,27.33056639201705,0.0045045045045045045,1,-1,Occasional Buyers
1690,217,2,706.27,4,130.755,3.55,5562,2,353.135,667.14,2,0,30.61481947576729,0.009174311926605505,1,1,Occasional Buyers
1691,317,2,707.47,2,353.735,2.45,1869,2,353.735,379.59,2,1,18.45754958912915,0.006289308176100629,1,-1,Occasional Buyers
1692,133,1,439.48,2,219.74,3.8,1537,1,439.48,439.48,1,0,27.885304970249237,0.007462686567164179,1,0,Occasional Buyers
1694,169,1,656.56,4,164.14,3.4,2294,1,656.56,656.56,1,0,26.310859616481796,0.0058823529411764705,1,0,Occasional Buyers
1696,259,1,698.04,4,174.51,1.9,2481,1,698.04,698.04,1,0,14.85195793495265,0.0038461538461538464,1,0,Occasional Buyers
1697,27,2,1105.12,6,169.325,2.3,7747,2,552.56,855.64,2,0,20.59693705641184,0.07142857142857142,0,-1,High-Value Customers
1698,158,3,2601.9,8,283.51,2.9,6100,2,867.3000000000001,1801.68,3,1,25.277003116340374,0.018867924528301886,0,-1,High-Value Customers
1699,378,2,2452.2,8,306.525,2.5999999999999996,2970,2,1226.1,1776.12,2,0,20.791300076202777,0.005277044854881266,0,-1,High-Value Customers
1700,726,1,331.85,1,331.85,3.9,256,1,331.85,331.85,1,0,21.64139673109136,0.001375515818431912,1,0,Occasional Buyers
1701,648,1,1194.24,4,298.56,3.6,3496,1,1194.24,1194.24,1,1,29.374778653428155,0.0015408320493066256,1,2,Occasional Buyers
1702,660,1,15.18,2,7.59,1.4,339,1,15.18,15.18,1,0,8.16052386465429,0.0015128593040847202,1,0,Occasional Buyers
1703,21,2,634.3100000000001,3,207.53500000000003,3.0,6393,2,317.15500000000003,438.48,2,1,26.28934598885936,0.09090909090909091,0,3,High-Value Customers
1705,432,1,55.64,4,13.91,3.8,2378,1,55.64,55.64,1,0,29.542854939151237,0.0023094688221709007,1,0,Occasional Buyers
1708,6,1,597.62,2,298.81,2.2,3257,1,597.62,597.62,1,0,17.79551133615638,0.14285714285714285,1,-1,Occasional Buyers
1709,511,2,745.9000000000001,5,242.36,2.5999999999999996,5905,2,372.95000000000005,397.66,2,1,22.577682561990056,0.00390625,1,-1,Occasional Buyers
1710,482,1,476.46,2,238.23,4.0,72,1,476.46,476.46,1,0,17.161837764593564,0.002070393374741201,1,0,Occasional Buyers
1713,89,1,24.54,2,12.27,3.7,1641,1,24.54,24.54,1,0,27.393580073045783,0.011111111111111112,1,0,Occasional Buyers
1717,150,1,213.75,3,71.25,1.1,143,1,213.75,213.75,1,1,5.466794629533601,0.006622516556291391,1,4,Occasional Buyers
1719,430,2,505.17999999999995,2,252.58999999999997,3.15,2758,2,252.58999999999997,349.33,2,1,24.95626425878445,0.004640371229698376,1,-1,Occasional Buyers
1723,16,1,490.69,1,490.69,1.8,4530,1,490.69,490.69,1,0,15.15365630040085,0.058823529411764705,1,0,Occasional Buyers
1724,646,1,209.25,1,209.25,1.1,3479,1,209.25,209.25,1,0,8.970266330045373,0.0015455950540958269,1,0,Occasional Buyers
1725,607,1,784.3499999999999,3,261.45,3.8,1854,1,784.3499999999999,784.3499999999999,1,0,28.597431905157833,0.001644736842105263,1,0,Occasional Buyers
1726,201,3,1665.84,8,274.51,3.233333333333333,9109,3,555.28,903.42,3,0,29.478713835154608,0.01485148514851485,0,-1,High-Value Customers
1727,611,1,170.58,1,170.58,4.3,1089,1,170.58,170.58,1,0,30.073911793459715,0.0016339869281045752,1,0,Occasional Buyers
1728,161,2,665.34,4,166.335,1.85,6010,2,332.67,590.0,2,1,16.09749084562245,0.012345679012345678,1,3,Occasional Buyers
1729,513,2,339.49,7,52.835,2.0,1758,1,169.745,249.57,2,0,14.945001489475116,0.0038910505836575876,1,-1,Occasional Buyers
1731,14,2,1992.44,6,284.3,4.0,4728,2,996.22,1710.48,2,1,33.8458761705755,0.13333333333333333,0,-1,High-Value Customers
1732,125,1,14.32,2,7.16,3.6,2657,1,14.32,14.32,1,0,28.38718526138349,0.007936507936507936,1,0,Occasional Buyers
1733,245,2,1583.2,5,327.35,3.05,4955,1,791.6,821.4000000000001,2,1,25.950480440384545,0.008130081300813009,0,-1,High-Value Customers
1734,149,2,1209.58,4,302.395,4.15,3534,2,604.79,633.26,2,1,33.907444600072296,0.013333333333333334,0,3,High-Value Customers
1735,37,3,901.59,4,241.90666666666667,3.233333333333333,11466,3,300.53000000000003,402.72,3,1,30.222705884390514,0.07894736842105263,0,-1,High-Value Customers
1738,180,2,913.77,5,130.365,3.8499999999999996,2279,1,456.885,870.72,2,0,29.76793327950167,0.011049723756906077,1,-1,Occasional Buyers
1739,22,1,1102.24,4,275.56,3.4,4572,1,1102.24,1102.24,1,0,28.654944060437387,0.043478260869565216,1,0,Occasional Buyers
1740,288,1,691.4,2,345.7,1.2,1317,1,691.4,691.4,1,0,8.620644858074943,0.0034602076124567475,1,0,Occasional Buyers
1742,587,1,134.54,1,134.54,2.1,2300,1,134.54,134.54,1,0,16.25630808907427,0.0017006802721088435,1,0,Occasional Buyers
1744,384,2,819.56,6,182.165,3.45,5619,1,409.78,637.76,2,0,29.787599952962697,0.005194805194805195,1,-1,Occasional Buyers
1747,704,1,567.66,3,189.22,4.6,4865,1,567.66,567.66,1,1,39.05412660737995,0.0014184397163120568,1,2,Occasional Buyers
1748,581,2,1011.76,8,126.47,2.35,6392,2,505.88,985.4,2,0,20.59295346380181,0.003436426116838488,0,-1,High-Value Customers
1749,254,2,493.92,4,123.48,4.5,4704,2,246.96,449.6,2,0,38.05371473408766,0.00784313725490196,1,1,Occasional Buyers
1750,123,2,2483.7,6,431.26,4.0,5149,2,1241.85,1517.32,2,1,34.18700797463113,0.016129032258064516,0,-1,High-Value Customers
1751,14,2,586.13,4,168.285,3.95,3456,2,293.065,374.34000000000003,2,0,32.18521793769042,0.13333333333333333,1,-1,Occasional Buyers
1753,83,2,1022.0300000000001,5,188.555,3.3,2586,2,511.01500000000004,803.4300000000001,2,0,25.932238801213895,0.023809523809523808,1,1,Occasional Buyers
1757,241,1,807.0899999999999,3,269.03,2.1,4943,1,807.0899999999999,807.0899999999999,1,1,17.862452998188807,0.004132231404958678,1,7,Occasional Buyers
1758,228,2,271.82,4,67.955,1.85,5606,2,135.91,211.2,2,2,15.968776527828796,0.008733624454148471,1,-1,Occasional Buyers
1760,185,1,179.82,3,59.94,3.8,2708,1,179.82,179.82,1,1,30.036472399923362,0.005376344086021506,1,2,Occasional Buyers
1761,236,2,2227.84,5,447.17,3.1500000000000004,5266,2,1113.92,1317.48,2,1,26.99303109137268,0.008438818565400843,0,-1,High-Value Customers
1763,55,4,1946.6599999999999,6,325.19,2.9,9093,2,486.66499999999996,968.8499999999999,4,1,26.43457338971637,0.07142857142857142,0,-1,High-Value Customers
1766,505,2,1260.37,3,406.42499999999995,3.3,5278,2,630.185,895.04,2,1,28.285923483917934,0.003952569169960474,0,-1,High-Value Customers
1768,233,2,2425.96,6,361.195,3.4000000000000004,8203,1,1212.98,1962.36,2,0,30.642082205253725,0.008547008547008548,0,-1,High-Value Customers
1769,714,1,51.54,2,25.77,4.2,861,1,51.54,51.54,1,0,28.388872136787512,0.0013986013986013986,1,0,Occasional Buyers
1770,491,1,846.24,3,282.08,2.8,4286,1,846.24,846.24,1,0,23.417358906474334,0.0020325203252032522,1,0,Occasional Buyers
1771,662,1,361.84,2,180.92,2.0,903,1,361.84,361.84,1,1,13.613658720784352,0.0015082956259426848,1,5,Occasional Buyers
1772,622,1,1476.6,4,369.15,2.5,813,1,1476.6,1476.6,1,0,16.75490091500635,0.0016051364365971107,1,0,Occasional Buyers
1773,306,1,1172.76,4,293.19,4.7,4935,1,1172.76,1172.76,1,0,39.97025965825055,0.003257328990228013,1,0,Occasional Buyers
1775,199,4,3972.59,11,355.3,2.7,9483,2,993.1475,1884.6,4,1,24.724875907400303,0.02,0,-1,High-Value Customers
1776,679,1,367.74,1,367.74,4.3,4524,1,367.74,367.74,1,0,36.19470328137631,0.0014705882352941176,1,0,Occasional Buyers
1778,475,1,109.64,2,54.82,1.1,3740,1,109.64,109.64,1,0,9.049819057782962,0.0021008403361344537,1,0,Occasional Buyers
1779,171,2,1032.39,5,206.715,1.95,2630,2,516.195,616.59,2,1,15.35648259802857,0.011627906976744186,1,3,Occasional Buyers
1782,315,2,1093.02,6,182.17000000000002,3.0999999999999996,7085,2,546.51,653.46,2,1,27.484216484818788,0.006329113924050633,0,3,High-Value Customers
1783,36,1,459.16,1,459.16,1.6,2086,1,459.16,459.16,1,0,12.229572651323522,0.02702702702702703,1,0,Occasional Buyers
1784,354,1,833.84,4,208.46,2.9,264,1,833.84,833.84,1,1,16.181216495360044,0.0028169014084507044,1,-1,Occasional Buyers
1786,93,2,1780.5900000000001,7,245.955,3.0999999999999996,3569,2,890.2950000000001,1219.44,2,1,25.35899471179842,0.02127659574468085,0,3,High-Value Customers
1789,266,1,162.6,2,81.3,2.7,4011,1,162.6,162.6,1,0,22.402021902520932,0.003745318352059925,1,0,Occasional Buyers
1790,285,1,255.2,1,255.2,4.9,1133,1,255.2,255.2,1,0,34.46418177300972,0.0034965034965034965,1,0,Occasional Buyers
1791,230,3,1015.81,7,184.09,3.466666666666667,6554,3,338.6033333333333,620.9,3,0,30.465009106819043,0.012987012987012988,0,-1,High-Value Customers
1792,368,1,1609.12,4,402.28,2.2,4852,1,1609.12,1609.12,1,1,18.672175168691474,0.0027100271002710027,1,-1,Occasional Buyers
1794,111,2,1118.35,5,277.08500000000004,3.25,5730,2,559.175,752.24,2,0,28.124347272293143,0.017857142857142856,0,1,High-Value Customers
1795,150,3,3845.7599999999998,10,372.78,2.6333333333333333,7692,3,1281.9199999999998,1962.96,3,1,23.563240739108526,0.019867549668874173,0,-1,High-Value Customers
1797,2,4,3587.75,12,321.67,3.75,12266,3,896.9375,1246.5,4,3,35.30500503387282,1.3333333333333333,0,-1,High-Value Customers
1799,328,1,194.04000000000002,3,64.68,1.3,294,1,194.04000000000002,194.04000000000002,1,0,7.393067963241767,0.00303951367781155,1,0,Occasional Buyers
1800,426,1,272.65,1,272.65,4.3,1894,1,272.65,272.65,1,0,32.451988705321064,0.00234192037470726,1,0,Occasional Buyers
1801,239,2,1092.21,4,314.135,2.6500000000000004,6548,2,546.105,695.91,2,0,23.285729259827846,0.008333333333333333,0,1,High-Value Customers
1803,96,1,1432.16,4,358.04,2.8,1716,1,1432.16,1432.16,1,0,20.855334810512932,0.010309278350515464,1,0,Occasional Buyers
1804,610,1,17.97,1,17.97,1.7,4041,1,17.97,17.97,1,0,14.117641326538063,0.0016366612111292963,1,0,Occasional Buyers
1805,712,1,490.09,1,490.09,3.5,1269,1,490.09,490.09,1,0,25.01370262808423,0.001402524544179523,1,0,Occasional Buyers
1806,530,1,1970.28,4,492.57,4.0,1907,1,1970.28,1970.28,1,0,30.215243408032926,0.0018832391713747645,1,-1,Occasional Buyers
1810,351,1,474.41999999999996,3,158.14,2.3,4252,1,474.41999999999996,474.41999999999996,1,0,19.217373759083358,0.002840909090909091,1,0,Occasional Buyers
1812,635,1,1210.41,3,403.47,2.6,2936,1,1210.41,1210.41,1,0,20.761374221116412,0.0015723270440251573,1,0,Occasional Buyers
1814,6,2,514.83,4,216.235,3.0999999999999996,5802,2,257.415,391.29,2,1,26.86500394299088,0.2857142857142857,0,-1,High-Value Customers
1815,397,4,1374.83,7,227.12,2.45,15831,3,343.7075,621.8,4,1,23.690981793841885,0.010050251256281407,0,-1,High-Value Customers
1817,345,1,911.64,3,303.88,4.3,3331,1,911.64,911.64,1,0,34.878710414132954,0.002890173410404624,1,0,Occasional Buyers
1818,544,2,1649.54,6,274.89,2.45,1617,2,824.77,1099.96,2,0,18.10291793916517,0.003669724770642202,1,-1,Occasional Buyers
1819,299,2,1302.91,3,428.655,2.75,1148,1,651.455,891.2,2,0,19.378280014084076,0.006666666666666667,1,-1,Occasional Buyers
1821,432,2,2319.34,5,437.28499999999997,3.4,7540,2,1159.67,1926.36,2,1,30.355574265888997,0.004618937644341801,0,-1,High-Value Customers
1822,301,1,436.22,2,218.11,3.7,82,1,436.22,436.22,1,0,16.349710248847416,0.0033112582781456954,1,0,Occasional Buyers
1823,3,2,1453.38,4,329.36,2.3,3754,2,726.69,1191.99,2,1,18.93094019765594,0.5,0,-1,High-Value Customers
1824,340,1,424.76,2,212.38,3.7,2331,1,424.76,424.76,1,1,28.691581725640418,0.002932551319648094,1,2,Occasional Buyers
1825,192,1,384.23,1,384.23,2.2,1341,1,384.23,384.23,1,1,15.844215898569582,0.0051813471502590676,1,7,Occasional Buyers
1826,541,1,61.44,2,30.72,2.8,2181,1,61.44,61.44,1,0,21.526392065900442,0.0018450184501845018,1,0,Occasional Buyers
1827,342,1,230.84,1,230.84,4.7,2106,1,230.84,230.84,1,0,35.96919594487969,0.0029154518950437317,1,0,Occasional Buyers
1828,60,3,1646.93,6,313.37333333333333,2.3666666666666667,5244,2,548.9766666666667,776.14,3,1,20.27057223263194,0.04918032786885246,0,-1,High-Value Customers
1829,285,2,393.78,7,62.525,4.65,6096,2,196.89,319.26,2,1,40.52731738547135,0.006993006993006993,0,-1,High-Value Customers
1830,292,1,1020.51,3,340.17,4.4,2657,1,1020.51,1020.51,1,0,34.69544865280204,0.0034129692832764505,1,0,Occasional Buyers
1831,690,1,365.6,1,365.6,3.6,1449,1,365.6,365.6,1,1,26.205547807492632,0.001447178002894356,1,-1,Occasional Buyers
1832,103,1,1021.56,3,340.52,2.5,815,1,1021.56,1021.56,1,0,16.761035887410266,0.009615384615384616,1,0,Occasional Buyers
1833,329,1,1090.1100000000001,3,363.37,3.6,170,1,1090.1100000000001,1090.1100000000001,1,0,18.509988803409577,0.0030303030303030303,1,0,Occasional Buyers
1834,214,1,884.64,2,442.32,2.6,283,1,884.64,884.64,1,1,14.687333019219137,0.004651162790697674,1,7,Occasional Buyers
1835,509,1,907.08,2,453.54,2.1,1033,1,907.08,907.08,1,0,14.576499115643587,0.00196078431372549,1,0,Occasional Buyers
1836,240,2,1094.22,3,329.295,3.9,5885,2,547.11,871.26,2,0,33.85329452229433,0.008298755186721992,0,1,High-Value Customers
1837,315,1,1391.12,4,347.78,1.6,51,1,1391.12,1391.12,1,0,6.321989949730284,0.0031645569620253164,1,0,Occasional Buyers
1838,576,2,1285.71,6,214.285,3.0,5536,2,642.855,754.92,2,1,25.857624350468903,0.0034662045060658577,0,3,High-Value Customers
1839,617,1,254.32,4,63.58,2.1,2653,1,254.32,254.32,1,0,16.55602875127352,0.0016181229773462784,1,0,Occasional Buyers
1840,685,1,79.11,3,26.37,2.3,1435,1,79.11,79.11,1,0,16.720118524098787,0.0014577259475218659,1,0,Occasional Buyers
1841,211,1,1854.24,4,463.56,2.0,4593,1,1854.24,1854.24,1,0,16.865012766498086,0.0047169811320754715,1,0,Occasional Buyers
1842,124,1,715.92,2,357.96,3.4,2329,1,715.92,715.92,1,0,26.362320058303137,0.008,1,0,Occasional Buyers
1848,201,1,1995.68,4,498.92,2.4,3237,1,1995.68,1995.68,1,0,19.398506722170193,0.0049504950495049506,1,0,Occasional Buyers
1850,147,1,162.21,1,162.21,1.7,4955,1,162.21,162.21,1,0,14.464202212673355,0.006756756756756757,1,0,Occasional Buyers
1851,223,2,2244.61,7,341.885,2.6,4207,2,1122.305,1471.41,2,0,21.69633116148562,0.008928571428571428,0,6,High-Value Customers
1853,326,2,2390.46,7,353.525,2.7,2423,2,1195.23,1313.22,2,2,21.041570737410854,0.0061162079510703364,0,-1,High-Value Customers
1854,520,1,423.44,4,105.86,3.3,4818,1,423.44,423.44,1,0,27.985061664913097,0.0019193857965451055,1,0,Occasional Buyers
1856,633,2,1459.08,4,316.14,3.3499999999999996,8185,1,729.54,1240.1999999999998,2,2,30.184105201125366,0.0031545741324921135,0,-1,High-Value Customers
1857,88,2,842.6,5,132.325,3.4,4274,2,421.3,770.6,2,2,28.425833896660926,0.02247191011235955,0,-1,High-Value Customers
1860,266,3,3070.7599999999998,9,347.1166666666666,2.8666666666666667,10166,2,1023.5866666666666,1289.6399999999999,3,0,26.450453719455464,0.011235955056179775,0,-1,High-Value Customers
1862,653,1,156.27,1,156.27,2.6,2056,1,156.27,156.27,1,0,19.83541011309769,0.0015290519877675841,1,0,Occasional Buyers
1863,483,2,787.0799999999999,5,152.64,3.4,8874,1,393.53999999999996,642.4,2,0,30.9093782887683,0.004132231404958678,1,-1,Occasional Buyers
1866,166,3,1712.92,7,203.88666666666668,3.3333333333333335,5430,3,570.9733333333334,1468.8000000000002,3,0,28.66626186011615,0.017964071856287425,0,-1,High-Value Customers
1868,23,2,1376.55,7,222.625,2.8499999999999996,2068,2,688.275,1213.35,2,0,21.759238931574796,0.08333333333333333,0,-1,High-Value Customers
1870,596,1,663.72,3,221.24,1.1,2934,1,663.72,663.72,1,0,8.782909005488417,0.0016750418760469012,1,0,Occasional Buyers
1871,364,5,3347.87,13,233.054,3.7,11776,5,669.574,1604.16,5,1,34.68344389661373,0.0136986301369863,0,-1,High-Value Customers
1872,166,1,607.46,2,303.73,2.1,153,1,607.46,607.46,1,0,10.577600465068622,0.005988023952095809,1,0,Occasional Buyers
1875,92,2,1256.65,5,219.475,3.05,4415,2,628.325,1136.25,2,0,25.59861824326864,0.021505376344086023,0,1,High-Value Customers
1876,305,1,754.92,4,188.73,4.7,240,1,754.92,754.92,1,1,25.77854558740608,0.0032679738562091504,1,-1,Occasional Buyers
1877,434,1,756.42,2,378.21,1.0,3197,1,756.42,756.42,1,0,8.0702808933939,0.0022988505747126436,1,0,Occasional Buyers
1878,400,2,1246.1599999999999,6,221.055,1.45,1346,2,623.0799999999999,723.88,2,0,10.448171005795027,0.004987531172069825,1,-1,Occasional Buyers
1879,161,1,454.86,2,227.43,4.0,4368,1,454.86,454.86,1,0,33.529157715805745,0.006172839506172839,1,0,Occasional Buyers
1880,163,2,608.13,5,205.29000000000002,2.8499999999999996,4807,2,304.065,344.73,2,0,24.16240395721287,0.012195121951219513,1,1,Occasional Buyers
1882,8,3,356.98,6,80.07333333333334,3.2999999999999994,3547,2,118.99333333333334,193.48,3,1,26.974659833317247,0.3333333333333333,0,-1,High-Value Customers
1883,304,2,1726.6499999999999,5,331.91999999999996,3.95,7299,1,863.3249999999999,1417.08,2,1,35.13773702718911,0.006557377049180328,0,-1,High-Value Customers
1884,144,2,2223.6800000000003,8,277.96000000000004,1.45,6199,2,1111.8400000000001,1656.88,2,1,12.661841627998115,0.013793103448275862,0,-1,High-Value Customers
1885,43,2,856.5699999999999,4,273.345,4.3,7561,2,428.28499999999997,464.82,2,0,38.40283123313878,0.045454545454545456,0,1,High-Value Customers
1890,139,1,1115.25,3,371.75,1.4,4633,1,1115.25,1115.25,1,0,11.81764598698925,0.007142857142857143,1,0,Occasional Buyers
1891,385,2,1501.77,5,292.895,2.55,2649,2,750.885,990.5699999999999,2,1,20.09990304339968,0.0051813471502590676,0,3,High-Value Customers
1894,77,1,388.13,1,388.13,2.8,3005,1,388.13,388.13,1,0,22.423423596876173,0.01282051282051282,1,0,Occasional Buyers
1895,226,3,2166.08,6,335.24,3.033333333333333,8714,3,722.0266666666666,1367.49,3,0,27.52082957246083,0.013215859030837005,0,-1,High-Value Customers
1896,272,2,1750.98,6,291.83,3.7,6905,2,875.49,1476.27,2,0,32.70853974841477,0.007326007326007326,0,6,High-Value Customers
1897,205,2,1574.24,7,219.6,3.05,5245,2,787.12,1026.56,2,0,26.123924539301797,0.009708737864077669,0,1,High-Value Customers
1899,584,1,279.24,2,139.62,4.6,2639,1,279.24,279.24,1,1,36.241257302245664,0.0017094017094017094,1,2,Occasional Buyers
1902,193,2,1030.88,6,225.265,4.0,3096,2,515.44,771.24,2,2,32.152756719892814,0.010309278350515464,0,-1,High-Value Customers
1905,237,1,283.0,2,141.5,4.3,3618,1,283.0,283.0,1,0,35.23399800132409,0.004201680672268907,1,0,Occasional Buyers
1906,499,1,1020.32,4,255.08,1.9,142,1,1020.32,1020.32,1,0,9.429404797493822,0.002,1,0,Occasional Buyers
1907,222,2,1682.78,5,219.46,2.8499999999999996,6231,2,841.39,1658.48,2,1,24.90173987451916,0.008968609865470852,0,-1,High-Value Customers
1908,12,1,409.92,4,102.48,3.3,3964,1,409.92,409.92,1,0,27.341361742427527,0.07692307692307693,1,0,Occasional Buyers
1911,251,1,1490.85,3,496.95,3.3,1221,1,1490.85,1490.85,1,0,23.457205661114084,0.003968253968253968,1,0,Occasional Buyers
1912,118,1,392.0,1,392.0,1.4,4994,1,392.0,392.0,1,0,11.922669767515716,0.008403361344537815,1,0,Occasional Buyers
1913,435,1,448.95000000000005,3,149.65,2.1,913,1,448.95000000000005,448.95000000000005,1,0,14.317444200053714,0.0022935779816513763,1,0,Occasional Buyers
1914,153,1,75.72,1,75.72,2.3,2349,1,75.72,75.72,1,0,17.85299239641787,0.006493506493506494,1,0,Occasional Buyers
1915,423,1,474.08,2,237.04,4.7,3797,1,474.08,474.08,1,1,38.738480489449486,0.0023584905660377358,1,2,Occasional Buyers
1919,181,2,2607.2799999999997,7,358.87,3.7,3829,2,1303.6399999999999,1816.24,2,0,30.52729430404636,0.01098901098901099,0,-1,High-Value Customers
1920,5,2,2286.8199999999997,7,328.96000000000004,2.05,3114,2,1143.4099999999999,1252.24,2,0,16.490168084004182,0.3333333333333333,0,-1,High-Value Customers
1921,198,2,924.75,6,154.125,4.15,7901,2,462.375,888.48,2,1,37.245715359531054,0.010050251256281407,0,3,High-Value Customers
1922,20,1,106.92,4,26.73,2.6,454,1,106.92,106.92,1,0,15.91277328927247,0.047619047619047616,1,0,Occasional Buyers
1924,13,1,1922.04,4,480.51,4.5,2135,1,1922.04,1922.04,1,0,34.50010590036039,0.07142857142857142,0,-1,High-Value Customers
1927,373,1,782.0999999999999,3,260.7,4.0,4645,1,782.0999999999999,782.0999999999999,1,0,33.775047653321415,0.00267379679144385,1,0,Occasional Buyers
1928,17,5,3185.0,12,239.91400000000004,2.88,15610,3,637.0,1267.83,5,4,27.8085054901152,0.2777777777777778,0,-1,High-Value Customers
1929,615,1,420.7,1,420.7,3.5,3340,1,420.7,420.7,1,0,28.39908904824865,0.0016233766233766235,1,0,Occasional Buyers
1931,488,2,349.29,7,49.2,3.5,2560,1,174.645,216.36,2,1,27.46853580169834,0.00408997955010225,1,-1,Occasional Buyers
1933,66,1,378.02,2,189.01,1.9,329,1,378.02,378.02,1,1,11.018276043474998,0.014925373134328358,1,4,Occasional Buyers
1934,76,2,2191.92,5,372.63,4.050000000000001,4239,2,1095.96,1928.88,2,0,33.82689012031532,0.025974025974025976,0,-1,High-Value Customers
1935,300,2,1225.3,7,162.60999999999999,3.05,4339,2,612.65,998.56,2,1,25.545670362638074,0.006644518272425249,0,3,High-Value Customers
1942,361,3,1209.51,6,229.1833333333333,2.8000000000000003,6552,2,403.17,768.51,3,1,24.605499069310593,0.008287292817679558,0,-1,High-Value Customers
1945,112,2,1474.21,7,207.71499999999997,2.25,4323,2,737.105,911.68,2,1,18.83685640220797,0.017699115044247787,0,3,High-Value Customers
1947,140,1,127.18,1,127.18,1.3,4294,1,127.18,127.18,1,0,10.874768884743862,0.0070921985815602835,1,0,Occasional Buyers
1950,289,1,494.08,1,494.08,3.3,121,1,494.08,494.08,1,0,15.853269447619747,0.0034482758620689655,1,-1,Occasional Buyers
1951,526,1,271.66,1,271.66,2.6,4016,1,271.66,271.66,1,0,21.575555649334138,0.0018975332068311196,1,0,Occasional Buyers
1952,40,3,796.4200000000001,5,176.28666666666666,2.966666666666667,2484,3,265.47333333333336,401.34000000000003,3,1,23.19348288430783,0.07317073170731707,0,-1,High-Value Customers
1953,120,1,152.54,1,152.54,2.4,3276,1,152.54,152.54,1,0,19.427240756877158,0.008264462809917356,1,0,Occasional Buyers
1954,415,2,1339.06,3,446.185,3.25,2929,2,669.53,893.38,2,0,25.943962531536116,0.004807692307692308,1,-1,Occasional Buyers
1955,674,2,2813.07,7,406.295,2.25,5104,2,1406.535,1501.2,2,0,19.210445393847223,0.002962962962962963,0,-1,High-Value Customers
1956,218,2,2126.39,5,421.63,2.4,5713,2,1063.195,1710.84,2,0,20.761618998697724,0.0091324200913242,0,6,High-Value Customers
1957,253,6,4821.05,14,373.7166666666667,2.983333333333333,23416,3,803.5083333333333,1451.16,6,2,30.01596564101767,0.023622047244094488,0,-1,High-Value Customers
1958,19,2,564.75,5,131.715,2.35,5050,2,282.375,451.08,2,1,20.039252577799925,0.1,0,3,High-Value Customers
1959,399,1,654.1800000000001,3,218.06,2.4,446,1,654.1800000000001,654.1800000000001,1,0,14.646140627072565,0.0025,1,0,Occasional Buyers
1960,605,1,133.35,1,133.35,4.8,3182,1,133.35,133.35,1,1,38.71478125095404,0.0016501650165016502,1,2,Occasional Buyers
1961,359,1,1057.8600000000001,3,352.62,3.5,2640,1,1057.8600000000001,1057.8600000000001,1,0,27.576195193039965,0.002777777777777778,1,0,Occasional Buyers
1962,264,2,2101.34,5,405.97,1.55,5475,2,1050.67,1719.2,2,1,13.342601788932928,0.007547169811320755,0,-1,High-Value Customers
1967,36,2,898.98,5,187.54500000000002,2.35,6334,2,449.49,452.58,2,1,20.571535967974814,0.05405405405405406,0,3,High-Value Customers
1969,197,1,740.5,2,370.25,1.6,4704,1,740.5,740.5,1,0,13.53020968323117,0.005050505050505051,1,0,Occasional Buyers
1970,39,1,591.42,3,197.14,2.5,241,1,591.42,591.42,1,1,13.722344315391716,0.025,1,4,Occasional Buyers
1971,34,2,744.48,2,372.24,3.3499999999999996,7346,2,372.24,445.62,2,1,29.821858607827924,0.05714285714285714,0,-1,High-Value Customers
1972,74,2,561.49,3,143.72,3.5500000000000003,9355,2,280.745,548.1,2,1,32.46039460334945,0.02666666666666667,0,-1,High-Value Customers
1973,258,1,966.76,2,483.38,4.3,1104,1,966.76,966.76,1,0,30.132682639992968,0.003861003861003861,1,0,Occasional Buyers
1974,541,1,464.64,2,232.32,2.7,296,1,464.64,464.64,1,0,15.37307677476729,0.0018450184501845018,1,0,Occasional Buyers
1975,698,1,1298.72,4,324.68,2.0,1209,1,1298.72,1298.72,1,0,14.196751277181573,0.001430615164520744,1,0,Occasional Buyers
1977,177,1,119.44,4,29.86,4.1,1552,1,119.44,119.44,1,0,30.126569674909614,0.0056179775280898875,1,0,Occasional Buyers
1980,374,1,429.84,4,107.46,3.4,920,1,429.84,429.84,1,1,23.20656412326804,0.0026666666666666666,1,2,Occasional Buyers
1981,500,1,805.56,2,402.78,3.7,271,1,805.56,805.56,1,1,20.74146764529519,0.001996007984031936,1,-1,Occasional Buyers
1982,372,1,23.19,3,7.73,1.1,2061,1,23.19,23.19,1,0,8.394574831034596,0.002680965147453083,1,0,Occasional Buyers
1985,355,1,427.6,2,213.8,4.3,1449,1,427.6,427.6,1,0,31.301070992282867,0.0028089887640449437,1,0,Occasional Buyers
1986,606,1,611.48,4,152.87,4.4,4683,1,611.48,611.48,1,1,37.188393988757475,0.0016474464579901153,1,2,Occasional Buyers
1987,226,2,505.55999999999995,3,190.91,2.4,5036,2,252.77999999999997,258.08,2,0,20.45895826978956,0.00881057268722467,1,1,Occasional Buyers
1989,470,1,312.36,1,312.36,3.0,787,1,312.36,312.36,1,0,20.00849426957364,0.0021231422505307855,1,0,Occasional Buyers
1991,304,1,605.06,2,302.53,3.5,3440,1,605.06,605.06,1,1,28.50231092029118,0.003278688524590164,1,2,Occasional Buyers
1992,312,2,1430.2600000000002,4,319.58000000000004,3.0,3859,2,715.1300000000001,1186.65,2,1,24.77526738737663,0.006389776357827476,0,3,High-Value Customers
1995,428,2,1374.51,5,301.92,2.4,3953,2,687.255,874.02,2,1,19.877959208953346,0.004662004662004662,0,3,High-Value Customers
1996,261,2,365.39,2,182.695,3.3499999999999996,4624,2,182.695,264.05,2,0,28.27142602732086,0.007633587786259542,1,1,Occasional Buyers
1998,176,2,518.85,5,119.44,2.6,6080,2,259.425,395.58,2,1,22.653603531312285,0.011299435028248588,1,3,Occasional Buyers
